window_start_sec,window_end_sec,window_mid_min,whistle_count,click_train_count,whistle_cluster0_count,click_cluster0_count,whistle_cluster1_count,click_cluster1_count,whistle_cluster2_count,click_cluster2_count,whistle_cluster0_ratio,click_cluster0_ratio,whistle_cluster1_ratio,click_cluster1_ratio,whistle_cluster2_ratio,click_cluster2_ratio,mean_official_ici,min_official_ici,mean_click_rate,mean_click_energy,mean_whistle_energy,mean_whistle_centroid,mean_whistle_bandwidth,foraging_score,social_score,arousal_score,conflict_like_score,avoidance_stress_score,courtship_affiliative_score,positive_like_score,negative_like_score,final_behavior_candidate,confidence,valence_candidate,arousal_level
0.0,30.0,0.25,0,0,0,0,0,0,0,0,0.0,0.0,0.0,0.0,0.0,0.0,,,,,,,,0.0,0.0,0.0,0.0,0.0,0.0,0.0,0.0,Low-activity / no annotated acoustic event,low,unknown / mixed,low
30.0,60.0,0.75,0,0,0,0,0,0,0,0,0.0,0.0,0.0,0.0,0.0,0.0,,,,,,,,0.0,0.0,0.0,0.0,0.0,0.0,0.0,0.0,Low-activity / no annotated acoustic event,low,unknown / mixed,low
60.0,90.0,1.25,0,0,0,0,0,0,0,0,0.0,0.0,0.0,0.0,0.0,0.0,,,,,,,,0.0,0.0,0.0,0.0,0.0,0.0,0.0,0.0,Low-activity / no annotated acoustic event,low,unknown / mixed,low
90.0,120.0,1.75,0,1,0,0,0,1,0,0,0.0,0.0,0.0,1.0,0.0,0.0,5.0,5.0,80.77974896571068,0.0481824092566967,,,,0.31029475929329803,0.006349206349206349,0.0,0.047830886737249306,0.0,0.0,0.09711104258862238,0.015788429405656303,Foraging-like acoustic activity,low,positive-like candidate,low
120.0,150.0,2.25,0,4,0,0,0,4,0,0,0.0,0.0,0.0,1.0,0.0,0.0,5.0,5.0,124.83792110991108,0.03947495482861993,,,,0.3431801905845598,0.025396825396825397,0.0,0.04928447810369321,0.0,0.0,0.1167562947020594,0.013440043526768813,Foraging-like acoustic activity,low,positive-like candidate,low
150.0,180.0,2.75,0,1,0,0,0,1,0,0,0.0,0.0,0.0,1.0,0.0,0.0,30.0,30.0,71.8562874251497,0.0332550108432769,,,,0.2492863781471829,0.006349206349206349,0.0,0.03399591777895422,0.0,0.0,0.0799085998749706,0.010946190270253025,Foraging-like acoustic activity,low,unknown / mixed,low
180.0,210.0,3.25,0,7,0,0,0,7,0,0,0.0,0.0,0.0,1.0,0.0,0.0,30.0,5.0,131.54454046885104,0.03622064686247276,,,,0.29383824784208734,0.044444444444444446,0.0,0.05579213917045463,0.0,0.0,0.10610574499359418,0.012860582042992449,Foraging-like acoustic activity,low,positive-like candidate,low
210.0,240.0,3.75,6,13,6,0,0,13,0,0,1.0,0.0,0.0,1.0,0.0,0.0,41.92307692307692,5.0,126.43486759020827,0.03618600448736773,0.029870675566295746,3367.861392702506,2156.25,0.26410460782811224,0.6125396825396826,0.0678152947784028,0.23037528819841663,0.05181385562471979,0.2386516398423133,0.2860134195169915,0.025629692475297894,Social communication candidate,medium,positive-like candidate,low
240.0,270.0,4.25,0,30,0,12,0,18,0,0,0.0,0.4,0.0,0.6,0.0,0.0,41.0,5.0,73.37998882155257,0.0668547254055738,,,,0.22651063962600937,0.19047619047619047,0.0,0.15720020176765206,0.0636424516751462,0.15182926029269628,0.1019223361343068,0.055087745301065444,Foraging-like acoustic activity,low,unknown / mixed,low
270.0,300.0,4.75,3,2,3,0,0,2,0,0,1.0,0.0,0.0,1.0,0.0,0.0,67.5,65.0,67.87065678770657,0.055977746844291604,0.042733923842509534,2089.6801357718937,1562.5,0.16478972707416908,0.4526984126984127,0.03789930843920353,0.21619557855385205,0.10217474308993928,0.13704103411249102,0.1709883308516045,0.06132218666739968,Social communication candidate,medium,positive-like candidate,low
300.0,330.0,5.25,3,4,3,0,0,4,0,0,1.0,0.0,0.0,1.0,0.0,0.0,120.0,75.0,99.78742086531759,0.0387018788605928,0.04274311165014897,1923.198014414352,4343.75,0.07448226317374784,0.4653968253968254,0.04476058733849786,0.20653492658279313,0.013546772617659273,0.17227275252488228,0.1701501924101304,0.01752586564010003,Social communication candidate,medium,positive-like candidate,low
330.0,360.0,5.75,0,9,0,3,0,6,0,0,0.0,0.3333333333333333,0.0,0.6666666666666666,0.0,0.0,76.66666666666667,15.0,86.81413411972306,0.053216359681553256,,,,0.15900177929776313,0.05714285714285714,0.0,0.07789326375510439,0.0,0.02119241996085506,0.057996929341971495,0.018691213742857964,Uncertain mixed acoustic state,low,unknown / mixed,low
360.0,390.0,6.25,0,9,0,1,0,8,0,0,0.0,0.1111111111111111,0.0,0.8888888888888888,0.0,0.0,63.888888888888886,10.0,107.27383683916999,0.05616604785124457,,,,0.20205087032516653,0.05714285714285714,0.0,0.08062708535844837,0.0,0.012035837434705585,0.07224396472055948,0.019648051304028358,Uncertain mixed acoustic state,low,unknown / mixed,low
390.0,420.0,6.75,1,4,1,0,0,4,0,0,1.0,0.0,0.0,1.0,0.0,0.0,55.0,45.0,101.22256676581108,0.045679327100515324,0.0408219397068023,1649.6176928837192,1031.25,0.21685781730746706,0.4053968253968254,0.02021988754611486,0.21264365538937255,0.0,0.11557589593682253,0.19453571086937316,0.017659733085979554,Social communication candidate,medium,positive-like candidate,low
420.0,450.0,7.25,0,20,0,4,0,16,0,0,0.0,0.2,0.0,0.8,0.0,0.0,41.25,10.0,104.58941745603317,0.04852594714611763,,,,0.24926217046446417,0.12698412698412698,0.0,0.10846674386468985,0.0625385243581803,0.08083516951512157,0.09620996255646755,0.047058077266203535,Foraging-like acoustic activity,low,unknown / mixed,low
450.0,480.0,7.75,2,18,1,11,1,7,0,0,0.5,0.6111111111111112,0.5,0.3888888888888889,0.0,0.0,36.94444444444444,10.0,71.18523776178269,0.07210124697950149,0.07134392857551575,7779.7821495378685,12562.5,0.23368888205183844,0.34928571428571425,0.24920980258887596,0.28726542482560435,0.18105379045129907,0.23870199576736856,0.10752660508620879,0.17946620776696418,Social communication candidate,low,unknown / mixed,low
480.0,510.0,8.25,1,3,1,0,0,3,0,0,1.0,0.0,0.0,1.0,0.0,0.0,73.33333333333333,65.0,91.56652044563124,0.04814730584621423,0.0432605929672718,1767.5326657796984,3843.75,0.16979538166103647,0.39904761904761904,0.028999828786043763,0.2122109612619866,0.06054781669586501,0.11745587427253826,0.16019956960022913,0.04746317685490046,Social communication candidate,low,positive-like candidate,low
510.0,540.0,8.75,1,2,1,0,0,2,0,0,1.0,0.0,0.0,1.0,0.0,0.0,7.5,5.0,110.76320036466345,0.06056473590433595,0.055382166057825,1532.484849520272,1593.75,0.3272399049219326,0.3926984126984127,0.021070646220170186,0.22280440232572232,0.0,0.07622923378856424,0.22440693173924542,0.023290908153274947,Social communication candidate,low,positive-like candidate,low
540.0,570.0,9.25,1,1,1,0,0,1,0,0,1.0,0.0,0.0,1.0,0.0,0.0,20.0,20.0,121.68207575305698,0.0449610203504562,0.0399952642619609,1689.6078169441705,1500.0,0.30821594247530704,0.38634920634920633,0.02181404371391091,0.20230002164964406,0.0,0.07651585479405741,0.2210427162286071,0.017215435367776644,Social communication candidate,low,positive-like candidate,low
570.0,600.0,9.75,0,5,0,0,0,5,0,0,0.0,0.0,0.0,1.0,0.0,0.0,25.0,5.0,123.32078319577722,0.04018616080284112,,,,0.29856952380239055,0.031746031746031744,0.0,0.05311823917733513,0.0,0.0,0.10284957586335045,0.013829478950162531,Foraging-like acoustic activity,low,positive-like candidate,low
600.0,630.0,10.25,0,5,0,0,0,5,0,0,0.0,0.0,0.0,1.0,0.0,0.0,52.0,30.0,113.86202623594008,0.04089698940515514,,,,0.232813767067503,0.031746031746031744,0.0,0.05377704732161576,0.0,0.0,0.07963741856285561,0.014060061800660755,Foraging-like acoustic activity,low,unknown / mixed,low
630.0,660.0,10.75,0,9,0,0,0,9,0,0,0.0,0.0,0.0,1.0,0.0,0.0,68.88888888888889,35.0,112.91385279128313,0.04234687963293654,,,,0.1953910657049191,0.05714285714285714,0.0,0.06781924315884104,0.003158872611794608,0.015929366798676528,0.07296566761040643,0.016586799209473365,Uncertain mixed acoustic state,low,unknown / mixed,low
660.0,690.0,11.25,0,2,0,0,0,2,0,0,0.0,0.0,0.0,1.0,0.0,0.0,77.5,75.0,69.20192746568799,0.0511149391531944,,,,0.14404426951050653,0.012698412698412698,0.0,0.053723408933216844,0.01338614456620902,0.0,0.036666221221445694,0.022922196276658046,Uncertain mixed acoustic state,low,unknown / mixed,low
690.0,720.0,11.75,0,16,0,8,0,8,0,0,0.0,0.5,0.0,0.5,0.0,0.0,40.9375,10.0,91.03726641404342,0.06835146015509959,,,,0.23982606614511254,0.10158730158730159,0.0,0.11414295676848235,0.05305927911142217,0.051110957322042926,0.08214570205667485,0.048588615231013564,Foraging-like acoustic activity,low,unknown / mixed,low
720.0,750.0,12.25,0,2,0,1,0,1,0,0,0.0,0.5,0.0,0.5,0.0,0.0,77.5,55.0,80.29247617398096,0.04991326294839375,,,,0.1523223586771487,0.012698412698412698,0.0,0.05260967480950023,0.04396261300939452,0.0,0.03225355555608905,0.036291800132790715,Uncertain mixed acoustic state,low,unknown / mixed,low
750.0,780.0,12.75,0,1,0,0,0,1,0,0,0.0,0.0,0.0,1.0,0.0,0.0,95.0,95.0,69.26038284812036,0.0621343851089477,,,,0.10604442289318977,0.006349206349206349,0.0,0.06076181733056989,0.0,0.0,0.02174414567058831,0.020314255113318507,Uncertain mixed acoustic state,low,unknown / mixed,low
780.0,810.0,13.25,1,2,1,0,0,2,0,0,1.0,0.0,0.0,1.0,0.0,0.0,32.5,20.0,108.42483241725071,0.0479303281754255,0.0483455136418342,1544.6912841766346,1781.25,0.2711466991533895,0.3926984126984127,0.021683929970629318,0.20978304495819536,0.0,0.09005214641577824,0.20868071693051343,0.01885608982473233,Social communication candidate,low,positive-like candidate,low
810.0,840.0,13.75,3,4,3,0,0,4,0,0,1.0,0.0,0.0,1.0,0.0,0.0,55.0,20.0,94.63497785305037,0.05440445058047765,0.04756994172930714,2232.791877212788,1468.75,0.21194077940002437,0.4653968253968254,0.038552571259319185,0.2219880190917273,0.003512624835563735,0.14169043077784013,0.21613328228217088,0.01717747830044826,Social communication candidate,medium,positive-like candidate,low
840.0,870.0,14.25,4,6,4,0,0,6,0,0,1.0,0.0,0.0,1.0,0.0,0.0,46.666666666666664,5.0,104.03261228488402,0.04211357856790218,0.04231031890958545,2326.792318384786,1593.75,0.23707120356406006,0.508095238095238,0.04618045206805978,0.2159654859089897,0.0,0.16660694781967572,0.24682813261758124,0.00860972476747264,Social communication candidate,medium,positive-like candidate,low
870.0,900.0,14.75,1,13,1,8,0,5,0,0,1.0,0.6153846153846154,0.0,0.38461538461538464,0.0,0.0,44.23076923076923,5.0,83.15830929667504,0.0856918282806873,0.0580464266240596,3516.791469233307,1031.25,0.2267858580090003,0.46253968253968253,0.03223147733395384,0.2815098528301619,0.02176658576291298,0.1683884768797866,0.19762330515623044,0.04538875516970589,Social communication candidate,medium,positive-like candidate,low
900.0,930.0,15.25,6,27,6,2,0,25,0,0,1.0,0.07407407407407407,0.0,0.9259259259259259,0.0,0.0,29.074074074074073,5.0,131.38138314434804,0.056471148850741164,0.051016228894392605,2316.1784042720033,3437.5,0.29572934813848545,0.7014285714285715,0.06470397276898124,0.29756170182264363,0.09603641540027177,0.3255560757220599,0.30587051459446607,0.055089491407558075,Social communication candidate,high,positive-like candidate,low
930.0,960.0,15.75,15,5,15,0,0,5,0,0,1.0,0.0,0.0,1.0,0.0,0.0,25.0,5.0,132.71620917715052,0.04484269395470614,0.045359149326880746,1905.663405746149,1668.75,0.30558235752938523,0.8317460317460318,0.11701855311758241,0.21588854947724148,0.030384459519618524,0.2938010566939128,0.4088768596979221,0.0,Social communication candidate,high,positive-like candidate,low
960.0,990.0,16.25,6,10,6,0,0,10,0,0,1.0,0.0,0.0,1.0,0.0,0.0,41.5,5.0,130.36804351117715,0.041467618197202655,0.041432132323582914,1967.3391985294745,1593.75,0.26796009952174094,0.5934920634920635,0.057201411760359006,0.22790152502324548,0.0033527870377512495,0.2155181512814789,0.2916488091376265,0.0036907607533862574,Social communication candidate,medium,positive-like candidate,low
990.0,1020.0,16.75,6,14,6,0,0,14,0,0,1.0,0.0,0.0,1.0,0.0,0.0,46.42857142857143,5.0,97.79389573718355,0.04390094482472961,0.045106540123621565,1852.9583024763124,1531.25,0.2329321655928394,0.6188888888888889,0.056287342606900666,0.243540064613647,0.014404321450771279,0.24987222062536937,0.2833631582107069,0.01014510245567031,Social communication candidate,medium,positive-like candidate,low
1020.0,1050.0,17.25,5,20,5,0,0,20,0,0,1.0,0.0,0.0,1.0,0.0,0.0,39.5,5.0,104.68527360653714,0.04563451204448933,0.047389809787273376,2042.428590292929,1425.0,0.25313806621680024,0.626984126984127,0.05053651417695276,0.26461996533935855,0.02635685183125302,0.2738293460697206,0.2847659777591164,0.020537254980610847,Social communication candidate,medium,positive-like candidate,low
1050.0,1080.0,17.75,4,27,3,10,1,17,0,0,0.75,0.37037037037037035,0.25,0.6296296296296297,0.0,0.0,24.814814814814813,5.0,100.91198559610349,0.06973208831968128,0.054151211865246254,7465.8201853390165,13125.0,0.2822459644147486,0.5539285714285713,0.18712768644374972,0.3104365019142102,0.1388138739903097,0.3093027924484939,0.22021952561617858,0.12545527054007719,Social communication candidate,medium,positive-like candidate,low
1080.0,1110.0,18.25,4,31,3,21,1,10,0,0,0.75,0.6774193548387096,0.25,0.3225806451612903,0.0,0.0,22.258064516129032,5.0,112.96928828811987,0.11799325541623175,0.061569682322442504,5130.233698242659,7031.25,0.29680380060973743,0.5793253968253967,0.15472310326934538,0.3692469314092674,0.12261981779684415,0.32510532978667517,0.2231487249128454,0.12846115513188305,Social communication candidate,medium,positive-like candidate,low
1110.0,1140.0,18.75,4,37,2,17,2,20,0,0,0.5,0.4594594594594595,0.5,0.5405405405405406,0.0,0.0,28.243243243243242,5.0,93.7626569112109,0.13716286743009407,0.10360368341207501,7798.996482423324,1734.375,0.2694565334142763,0.4600793650793651,0.23178438941102367,0.4138960522011775,0.23321280500088398,0.29417472097214736,0.11887348407013677,0.22715435364110986,Social communication candidate,low,negative-like candidate,low
1140.0,1170.0,19.25,3,36,1,21,2,13,0,2,0.3333333333333333,0.5833333333333334,0.6666666666666666,0.3611111111111111,0.0,0.05555555555555555,22.63888888888889,5.0,93.07837583442259,0.16034934452424443,0.19625485936800638,17615.856162522225,11656.25,0.33062410815198545,0.37809523809523815,0.3665675838828822,0.4494804564846818,0.3016326828429162,0.2760267061202857,0.07560898733991847,0.30965209811124167,Conflict-like high-intensity activity,low,negative-like candidate,medium
1170.0,1200.0,19.75,0,45,0,24,0,15,0,6,0.0,0.5333333333333333,0.0,0.3333333333333333,0.0,0.13333333333333333,18.0,5.0,107.6959676183754,0.1675584816270404,,,,0.4372759219402156,0.11428571428571428,0.0,0.2981532184228033,0.03310991041026637,0.0,0.1067517009782393,0.10211022898974387,Foraging-like acoustic activity,medium,unknown / mixed,low
1200.0,1230.0,20.25,6,25,4,14,1,8,1,3,0.6666666666666666,0.56,0.16666666666666666,0.32,0.16666666666666666,0.12,22.2,5.0,92.5917785288152,0.14596067473292348,0.0962822573880354,5876.435305489576,9250.0,0.37062915507149696,0.572063492063492,0.19585142828056915,0.43259012198908053,0.16774367167858784,0.24916566839740836,0.21543582118722432,0.18025195679813275,Social communication candidate,medium,unknown / mixed,low
1230.0,1260.0,20.75,4,24,1,12,1,8,2,4,0.25,0.5,0.25,0.3333333333333333,0.5,0.16666666666666666,22.708333333333332,5.0,143.73816779429774,0.14327362350498632,0.18419053126126522,12133.27582627204,17273.4375,0.4400032556813021,0.3598809523809524,0.35398513157985345,0.543310460139073,0.24427143265253182,0.1295693996930678,0.09188657185502946,0.3168956892011427,Conflict-like high-intensity activity,medium,negative-like candidate,medium
1260.0,1290.0,21.25,10,26,9,18,1,6,0,2,0.9,0.6923076923076923,0.1,0.23076923076923078,0.0,0.07692307692307693,20.576923076923077,5.0,103.98365630615886,0.1270108101173089,0.06873725838959212,4685.835089520157,7218.75,0.3517934542968852,0.780079365079365,0.1473990318868249,0.3630675145064175,0.07747255693347532,0.35187304433457756,0.34587502970433,0.07440418231277025,Social communication candidate,high,positive-like candidate,low
1290.0,1320.0,21.75,0,25,0,14,0,4,0,7,0.0,0.56,0.0,0.16,0.0,0.28,13.4,5.0,144.1291132134025,0.15478842899203296,,,,0.5467729924832361,0.15873015873015872,0.0,0.22282565105336674,0.0076665908100542746,0.0365564617688699,0.1940347757791804,0.05762941992367897,Foraging-like acoustic activity,medium,positive-like candidate,low
1320.0,1350.0,22.25,2,28,0,20,2,3,0,5,0.0,0.7142857142857143,1.0,0.10714285714285714,0.0,0.17857142857142858,15.178571428571429,5.0,112.58270141983073,0.14172028577221288,0.13892517611384386,26815.3410747107,45140.625,0.4515158405342972,0.23777777777777778,0.6145806123664449,0.39613213972208927,0.4288223137353902,0.27080373728205603,0.03898532383652968,0.4188657458902791,Foraging-like acoustic activity,low,negative-like candidate,medium
1350.0,1380.0,22.75,4,9,1,1,1,0,2,8,0.25,0.1111111111111111,0.25,0.0,0.5,0.8888888888888888,5.555555555555555,5.0,239.1661004611983,0.26603177355395424,0.2508004456758499,14103.011494919441,16523.4375,0.8919545469136247,0.2646428571428571,0.3645174679320153,0.6218812875445076,0.22580910913351088,0.0,0.18825671358732438,0.35247961476563205,Foraging-like acoustic activity,high,negative-like candidate,medium
1380.0,1410.0,23.25,0,5,0,1,0,0,0,4,0.0,0.2,0.0,0.0,0.0,0.8,5.0,5.0,229.083186562188,0.2632001847028732,,,,0.7955352851498049,0.031746031746031744,0.0,0.2598114627699767,0.0,0.0,0.21477962525715297,0.08617210720758707,Foraging-like acoustic activity,high,positive-like candidate,low
1410.0,1440.0,23.75,2,19,0,15,2,0,0,4,0.0,0.7894736842105263,1.0,0.0,0.0,0.21052631578947367,13.68421052631579,5.0,108.35286509963608,0.14544782669920667,0.11846410855650895,31089.536178466413,52406.25,0.45075285309661184,0.18063492063492065,0.6627985739750445,0.3672016929457668,0.4852730749215111,0.20817099555342905,0.007570436255420629,0.45235795294546916,Avoidance / stress-like arousal,low,negative-like candidate,high
1440.0,1470.0,24.25,0,10,0,5,0,0,0,5,0.0,0.5,0.0,0.0,0.0,0.5,9.0,5.0,234.428737105597,0.20553804188966746,,,,0.6844659654773706,0.06349206349206349,0.0,0.22224221537678973,0.0,0.0,0.20146185187547136,0.06826096585806689,Foraging-like acoustic activity,high,positive-like candidate,low
1470.0,1500.0,24.75,0,24,0,19,0,1,0,4,0.0,0.7916666666666666,0.0,0.041666666666666664,0.0,0.16666666666666666,12.708333333333334,5.0,139.95096404763254,0.1558470170324047,,,,0.45891558185853765,0.1523809523809524,0.0,0.22063216543672995,0.03289426445282109,0.04694759339808931,0.15477866647769248,0.06916653404948211,Foraging-like acoustic activity,medium,positive-like candidate,low
1500.0,1530.0,25.25,0,0,0,0,0,0,0,0,0.0,0.0,0.0,0.0,0.0,0.0,,,,,,,,0.0,0.0,0.0,0.0,0.10909090909090909,0.0,0.0,0.04909090909090909,Low-activity / no annotated acoustic event,low,unknown / mixed,low
1530.0,1560.0,25.75,3,5,0,3,0,0,3,2,0.0,0.6,0.0,0.0,1.0,0.4,14.0,5.0,229.7447816403917,0.1980058223009109,0.3712167938550313,15093.995587043208,17750.0,0.5891911612329367,0.12174603174603175,0.41772405171267873,0.7185798281900572,0.2787465944612102,0.0,0.0,0.4422218129546956,Conflict-like high-intensity activity,medium,negative-like candidate,medium
1560.0,1590.0,26.25,0,22,0,11,0,0,0,11,0.0,0.5,0.0,0.0,0.0,0.5,7.2727272727272725,5.0,194.14306882707407,0.20248280364004045,,,,0.7399694888448008,0.13968253968253969,0.0,0.25750580624368125,0.0,0.0,0.24459472207971877,0.06917465123290747,Foraging-like acoustic activity,high,positive-like candidate,low
1590.0,1620.0,26.75,0,22,0,16,0,0,0,6,0.0,0.7272727272727273,0.0,0.0,0.0,0.2727272727272727,11.363636363636363,5.0,150.35648304038847,0.1531316268850456,,,,0.5393025824246979,0.13968253968253969,0.0,0.21176628891111832,0.0,0.01740527335188438,0.18808316003245162,0.053165820166510454,Foraging-like acoustic activity,medium,positive-like candidate,low
1620.0,1650.0,27.25,0,32,0,24,0,1,0,7,0.0,0.75,0.0,0.03125,0.0,0.21875,13.75,5.0,126.24187879601193,0.15371369034983212,,,,0.5081609240417116,0.19682539682539685,0.0,0.2440517870627522,0.0200240576419395,0.08574793396958343,0.18820620145671713,0.06490514188702652,Foraging-like acoustic activity,medium,positive-like candidate,low
1650.0,1680.0,27.75,1,40,1,23,0,16,0,1,1.0,0.575,0.0,0.4,0.0,0.025,25.25,5.0,86.16499547199646,0.10581799363717433,0.041405614465475,6129.735095743367,1968.75,0.2939289821018832,0.5260317460317461,0.05171442567729422,0.3827757095749742,0.08988639639731855,0.21089715690272381,0.20228511747812297,0.10585849996073123,Social communication candidate,medium,positive-like candidate,low
1680.0,1710.0,28.25,4,33,4,6,0,27,0,0,1.0,0.18181818181818182,0.0,0.8181818181818182,0.0,0.0,26.818181818181817,10.0,127.49712458053727,0.05660121662147112,0.048185147345066,2457.9987511277313,3562.5,0.2977342148584755,0.6604761904761904,0.052639480590291096,0.3162021806497003,0.0377619279211026,0.3172841494697934,0.29712012473956645,0.039120098338520926,Social communication candidate,high,positive-like candidate,low
1710.0,1740.0,28.75,0,24,0,13,0,10,0,1,0.0,0.5416666666666666,0.0,0.4166666666666667,0.0,0.041666666666666664,21.458333333333332,5.0,100.93324363633356,0.07292426889762278,,,,0.3198615607903905,0.1523809523809524,0.0,0.14377793976336273,0.049206913067588634,0.09012924274639217,0.12508786465215926,0.04960824694044899,Foraging-like acoustic activity,low,unknown / mixed,low
1740.0,1770.0,29.25,0,5,0,1,0,1,0,3,0.0,0.2,0.0,0.2,0.0,0.6,21.0,5.0,221.9325379878047,0.26974036693573,,,,0.6617790019186622,0.031746031746031744,0.0,0.26587301587301587,0.0,0.0,0.1661464601953413,0.08829365079365079,Foraging-like acoustic activity,high,unknown / mixed,low
1770.0,1800.0,29.75,2,0,0,0,0,0,2,0,0.0,0.0,0.0,0.0,1.0,0.0,,,,,0.5365054309368134,15619.571923203344,12281.25,0.0,0.06,0.39884128680437225,0.4,0.338997275263707,0.0,0.0,0.36331703122954256,Conflict-like high-intensity activity,low,negative-like candidate,medium
1800.0,1830.0,30.25,0,0,0,0,0,0,0,0,0.0,0.0,0.0,0.0,0.0,0.0,,,,,,,,0.0,0.0,0.0,0.0,0.009090909090909092,0.0,0.0,0.004090909090909091,Low-activity / no annotated acoustic event,low,unknown / mixed,low
1830.0,1860.0,30.75,2,1,0,0,1,0,1,1,0.0,0.0,0.5,0.0,0.5,1.0,10.0,10.0,267.9494865308788,0.2611568570137024,0.22298185527324677,13936.91564327454,14671.875,0.8527667984189724,0.06634920634920635,0.4198348859059148,0.5867811597642701,0.22955112005068323,0.0,0.09490339436183134,0.38268600616910403,Foraging-like acoustic activity,high,negative-like candidate,medium
1860.0,1890.0,31.25,2,11,0,4,0,1,2,6,0.0,0.36363636363636365,0.0,0.09090909090909091,1.0,0.5454545454545454,13.181818181818182,5.0,214.18565198531815,0.21201849051497196,0.41847673058509827,24292.574768447375,22265.625,0.6920836103547343,0.12984126984126984,0.483110932744957,0.759423474466958,0.32630851557277696,0.0,0.0,0.4897830441439858,Conflict-like high-intensity activity,low,negative-like candidate,medium
1890.0,1920.0,31.75,0,26,0,24,0,0,0,2,0.0,0.9230769230769231,0.0,0.0,0.0,0.07692307692307693,13.653846153846153,5.0,101.62926344283959,0.14315422910910383,,,,0.3650862806924373,0.16507936507936508,0.0,0.21521747816900028,0.045597808256884774,0.08203448632295059,0.12610121701314608,0.07108322631284349,Foraging-like acoustic activity,low,unknown / mixed,low
1920.0,1950.0,32.25,0,29,0,21,0,0,0,8,0.0,0.7241379310344828,0.0,0.0,0.0,0.27586206896551724,13.10344827586207,5.0,145.17582931311605,0.1658550683280517,,,,0.5601801400424946,0.18412698412698414,0.0,0.24578081495826049,0.0,0.059760189952229925,0.2051859473845378,0.05840423761634355,Foraging-like acoustic activity,medium,positive-like candidate,low
1950.0,1980.0,32.75,0,0,0,0,0,0,0,0,0.0,0.0,0.0,0.0,0.0,0.0,,,,,,,,0.0,0.0,0.0,0.0,0.1318181818181818,0.0,0.0,0.05931818181818181,Low-activity / no annotated acoustic event,low,unknown / mixed,low
1980.0,2010.0,33.25,3,3,0,1,1,0,2,2,0.0,0.3333333333333333,0.3333333333333333,0.0,0.6666666666666666,0.6666666666666666,5.0,5.0,157.50056170564417,0.2265172054370244,0.32597045600414276,24599.628910923133,41812.5,0.6614992846074386,0.10904761904761906,0.5641682184908264,0.6302219325064544,0.3181640672045059,0.0,0.011988581630969233,0.4602280074603091,Foraging-like acoustic activity,low,negative-like candidate,medium
2010.0,2040.0,33.75,0,0,0,0,0,0,0,0,0.0,0.0,0.0,0.0,0.0,0.0,,,,,,,,0.0,0.0,0.0,0.0,0.02727272727272727,0.0,0.0,0.012272727272727272,Low-activity / no annotated acoustic event,low,unknown / mixed,low
2040.0,2070.0,34.25,1,7,0,4,0,0,1,3,0.0,0.5714285714285714,0.0,0.0,1.0,0.42857142857142855,17.857142857142858,5.0,116.51618683256777,0.17990611174276896,0.3974845707416534,23070.922583706197,34031.25,0.5213561221548145,0.07444444444444445,0.5021414874709805,0.7130500000461218,0.33058332710770183,0.0,0.0,0.48759162804213796,Conflict-like high-intensity activity,high,negative-like candidate,medium
2070.0,2100.0,34.75,0,3,0,2,0,0,0,1,0.0,0.6666666666666666,0.0,0.0,0.0,0.3333333333333333,6.666666666666667,5.0,166.2124775934934,0.20198720693588254,,,,0.5174090546396051,0.01904761904761905,0.0,0.19672901839787588,0.0,0.0,0.13064589217592756,0.06599801358211368,Foraging-like acoustic activity,medium,unknown / mixed,low
2100.0,2130.0,35.25,2,3,0,2,2,0,0,1,0.0,0.6666666666666666,1.0,0.0,0.0,0.3333333333333333,6.666666666666667,5.0,180.06857826479566,0.20165432492891947,0.22063201665878296,23977.9168171619,35062.5,0.5277513776279384,0.07904761904761905,0.5675840540872168,0.3875444087786759,0.35037814777403564,0.06679798557582002,0.016426551164095346,0.3949703775311531,Foraging-like acoustic activity,medium,negative-like candidate,medium
2130.0,2160.0,35.75,0,8,0,3,0,0,0,5,0.0,0.375,0.0,0.0,0.0,0.625,8.125,5.0,233.89753331644846,0.21713087055832142,,,,0.7359716439195505,0.050793650793650794,0.0,0.22663744153535867,0.0,0.0,0.2124559857683779,0.0717040569183279,Foraging-like acoustic activity,high,positive-like candidate,low
2160.0,2190.0,36.25,0,23,0,12,0,11,0,0,0.0,0.5217391304347826,0.0,0.4782608695652174,0.0,0.0,21.304347826086957,5.0,126.33468476555774,0.07266943448263664,,,,0.30885315455575046,0.14603174603174604,0.0,0.1403671516807672,0.058361781506392124,0.0853940339907917,0.1171122989279702,0.05348654286138307,Foraging-like acoustic activity,low,unknown / mixed,low
2190.0,2220.0,36.75,0,20,0,4,0,16,0,0,0.0,0.2,0.0,0.8,0.0,0.0,21.75,5.0,156.83551011111734,0.049473907612264105,,,,0.3306504464665452,0.12698412698412698,0.0,0.10934532988883167,0.0,0.064381797109877,0.14006691443949845,0.019223246413472037,Foraging-like acoustic activity,low,positive-like candidate,low
2220.0,2250.0,37.25,3,15,0,5,3,5,0,5,0.0,0.3333333333333333,1.0,0.3333333333333333,0.0,0.3333333333333333,21.333333333333332,5.0,154.72328750084066,0.11993569706877069,0.10966041435798006,18889.404893144212,30781.25,0.5314948123939058,0.18523809523809526,0.5293058189401547,0.3292172678819264,0.3443133292571582,0.1826432982305478,0.0845368145161424,0.3482424914267121,Foraging-like acoustic activity,medium,negative-like candidate,medium
2250.0,2280.0,37.75,1,23,0,19,0,2,1,2,0.0,0.8260869565217391,0.0,0.08695652173913043,1.0,0.08695652173913043,12.173913043478262,5.0,113.7998416437692,0.10341349746222077,0.2424674034118652,11414.180674974948,4875.0,0.38140113778082363,0.17603174603174604,0.34399820645654455,0.6640551162333029,0.31164134046931763,0.0,0.0,0.41505277327939594,Conflict-like high-intensity activity,high,negative-like candidate,medium
2280.0,2310.0,38.25,0,19,0,11,0,1,0,7,0.0,0.5789473684210527,0.0,0.05263157894736842,0.0,0.3684210526315789,21.05263157894737,5.0,151.49641518522787,0.13926446712330764,,,,0.5710042809484698,0.12063492063492064,0.0,0.18939015780186175,0.0,0.0,0.19732016527712015,0.04819131713541351,Foraging-like acoustic activity,medium,positive-like candidate,low
2310.0,2340.0,38.75,0,2,0,2,0,0,0,0,0.0,1.0,0.0,0.0,0.0,0.0,22.5,10.0,52.07873954595996,0.15304423123598093,,,,0.25082857946927906,0.012698412698412698,0.0,0.14819322563205825,0.04282304352693859,0.0,0.038340559957181254,0.06923323665358085,Foraging-like acoustic activity,low,unknown / mixed,low
2340.0,2370.0,39.25,0,28,0,21,0,1,0,6,0.0,0.75,0.0,0.03571428571428571,0.0,0.21428571428571427,8.035714285714286,5.0,139.25636668622403,0.20782975985535554,,,,0.5148753417140446,0.17777777777777778,0.0,0.28150907604915393,0.08539496136915596,0.0540564497806936,0.15440490644288044,0.11028924256665737,Foraging-like acoustic activity,medium,unknown / mixed,low
2370.0,2400.0,39.75,0,22,0,11,0,3,0,8,0.0,0.5,0.0,0.13636363636363635,0.0,0.36363636363636365,16.818181818181817,5.0,126.62386364777132,0.1653945112431591,,,,0.5733669897202669,0.13968253968253969,0.0,0.22313174052800155,0.0,0.008319301569393908,0.1965960671008358,0.05714372823241958,Foraging-like acoustic activity,medium,positive-like candidate,low
2400.0,2430.0,40.25,4,25,1,15,3,5,0,5,0.25,0.6,0.75,0.2,0.0,0.2,24.0,5.0,120.30851491928468,0.16772225499153134,0.12270471453666683,15860.355823196984,14648.4375,0.44667686984472427,0.36623015873015874,0.39547492771621334,0.4076840467944234,0.3060218306614402,0.2629790071483609,0.12232980417053785,0.30455970190941517,Foraging-like acoustic activity,low,negative-like candidate,medium
2430.0,2460.0,40.75,0,28,0,13,0,5,0,10,0.0,0.4642857142857143,0.0,0.17857142857142858,0.0,0.35714285714285715,18.214285714285715,5.0,149.12983371764636,0.18921297016952712,,,,0.611805972242544,0.17777777777777778,0.0,0.2642547159608619,0.0,0.038121195692652154,0.21485567549663181,0.065822483919635,Foraging-like acoustic activity,medium,positive-like candidate,low
2460.0,2490.0,41.25,2,22,0,12,1,4,1,6,0.0,0.5454545454545454,0.5,0.18181818181818182,0.5,0.2727272727272727,9.545454545454545,5.0,138.59155910098445,0.15194393762133335,0.1924190446734428,14904.745987528064,17296.875,0.5344737024553272,0.19968253968253968,0.43354760108543805,0.5465307738287686,0.3198434354466283,0.07841815236222843,0.03300284770621972,0.39197245605575837,Conflict-like high-intensity activity,low,negative-like candidate,medium
2490.0,2520.0,41.75,3,42,0,33,3,9,0,0,0.0,0.7857142857142857,1.0,0.21428571428571427,0.0,0.0,14.880952380952381,5.0,89.4732370885048,0.11117224608148843,0.13337209324042,20023.011163359428,21250.0,0.29530332878202437,0.22333333333333338,0.5094147443279361,0.4112290899618948,0.514432225595315,0.2591935162512162,0.0,0.4438076318701421,Avoidance / stress-like arousal,medium,negative-like candidate,medium
2520.0,2550.0,42.25,2,21,0,10,1,5,1,6,0.0,0.47619047619047616,0.5,0.23809523809523808,0.5,0.2857142857142857,27.142857142857142,5.0,136.53752841571523,0.1416551657021045,0.19231096655130386,18403.401326812418,23625.0,0.4998801369195302,0.19333333333333333,0.4741026933090406,0.5338002154825822,0.4221435734188955,0.0802639295195775,0.0,0.4426152221192149,Conflict-like high-intensity activity,low,negative-like candidate,medium
2550.0,2580.0,42.75,0,51,0,37,0,11,0,3,0.0,0.7254901960784313,0.0,0.21568627450980393,0.0,0.058823529411764705,31.666666666666668,5.0,92.1024078336905,0.08134895530255397,,,,0.3252135858326067,0.0761904761904762,0.0,0.23730036937972382,0.15944307035021726,0.0,0.03705959092565517,0.14337593951192967,Foraging-like acoustic activity,low,negative-like candidate,low
2580.0,2610.0,43.25,0,55,0,41,0,14,0,0,0.0,0.7454545454545455,0.0,0.2545454545454545,0.0,0.0,26.181818181818183,5.0,80.47363000501508,0.08852625787258145,,,,0.2640188384111528,0.050793650793650794,0.0,0.2566508292407119,0.06588057972173259,0.0,0.021798342598399613,0.1118550034899812,Foraging-like acoustic activity,low,negative-like candidate,low
2610.0,2640.0,43.75,0,11,0,8,0,0,0,3,0.0,0.7272727272727273,0.0,0.0,0.0,0.2727272727272727,13.636363636363637,5.0,135.68529995986526,0.1716304238546978,,,,0.4825020719398699,0.06984126984126984,0.0,0.19399065640502727,0.145085006669337,0.0,0.10583584801868343,0.12270879226677073,Foraging-like acoustic activity,medium,unknown / mixed,low
2640.0,2670.0,44.25,1,19,0,13,1,0,0,6,0.0,0.6842105263157895,1.0,0.0,0.0,0.3157894736842105,15.789473684210526,5.0,145.77594476516296,0.17880830247151222,0.2117790132761001,18097.986765825783,23156.25,0.5434871207667633,0.15063492063492062,0.489134386416903,0.41551385026913285,0.3768634572039865,0.16646171055472553,0.03913618717234499,0.39025004252413287,Foraging-like acoustic activity,medium,negative-like candidate,medium
2670.0,2700.0,44.75,0,29,0,20,0,0,0,9,0.0,0.6896551724137931,0.0,0.0,0.0,0.3103448275862069,13.448275862068966,5.0,149.80224953719548,0.1773017457333104,,,,0.590313185216194,0.18412698412698414,0.0,0.25638979196761,0.0,0.05161178551562014,0.21254982009252776,0.06211737956961589,Foraging-like acoustic activity,medium,positive-like candidate,low
2700.0,2730.0,45.25,1,43,0,32,1,2,0,9,0.0,0.7441860465116279,1.0,0.046511627906976744,0.0,0.20930232558139536,14.069767441860465,5.0,110.12139194903219,0.15445219985274378,0.1068919897079467,23914.114556665776,34125.0,0.518926952949917,0.15698412698412698,0.5578331486068782,0.44958063319449293,0.4739769525420403,0.17217943515207043,0.0,0.4586618609357473,Foraging-like acoustic activity,low,negative-like candidate,medium
2730.0,2760.0,45.75,6,48,2,36,4,10,0,2,0.3333333333333333,0.75,0.6666666666666666,0.20833333333333334,0.0,0.041666666666666664,23.229166666666668,5.0,69.14870093619065,0.0995841020873437,0.08481255670388538,16261.300685501985,25328.125,0.3059240071347958,0.391904761904762,0.41684655420524874,0.4104855381934176,0.35421352874210776,0.23783713855340505,0.07173150171076922,0.3276496228569801,Conflict-like high-intensity activity,low,negative-like candidate,medium
2760.0,2790.0,46.25,2,24,1,16,1,3,0,5,0.5,0.6666666666666666,0.5,0.125,0.0,0.20833333333333334,24.166666666666668,5.0,119.22301760740898,0.1596371349878609,0.0822740420699119,8251.635708772359,4687.5,0.44883765900289735,0.3873809523809524,0.22978535887344825,0.38948008591825123,0.28785459770470256,0.22094359387291315,0.14260693402079164,0.2537025279560509,Foraging-like acoustic activity,low,negative-like candidate,low
2790.0,2820.0,46.75,1,37,1,25,0,10,0,2,1.0,0.6756756756756757,0.0,0.2702702702702703,0.0,0.05405405405405406,28.513513513513512,5.0,90.20961764619702,0.0840398050039201,0.0565033294260501,3504.4314507746085,10875.0,0.3151113165420028,0.545079365079365,0.06022683124233544,0.35588158545230464,0.08291700714050296,0.23489665769637658,0.2280809476545981,0.09215466960809526,Social communication candidate,medium,positive-like candidate,low
2820.0,2850.0,47.25,1,27,0,20,1,4,0,3,0.0,0.7407407407407407,1.0,0.14814814814814814,0.0,0.1111111111111111,23.51851851851852,5.0,96.1768102207842,0.11928126050366293,0.0631136819720268,12475.8558410255,24468.75,0.36688315605764454,0.20142857142857143,0.45671035035990265,0.3580300521850822,0.39347240548045526,0.2742316440657403,0.013274844737394237,0.3635008850886785,Avoidance / stress-like arousal,low,negative-like candidate,medium
2850.0,2880.0,47.75,1,27,0,19,1,0,0,8,0.0,0.7037037037037037,1.0,0.0,0.0,0.2962962962962963,15.925925925925926,5.0,161.76167181672537,0.17232123541611208,0.068831130862236,21370.65966079162,32625.0,0.5745978377903276,0.20142857142857143,0.5371929454587325,0.4082540942588659,0.3597760800259587,0.222643899304447,0.07933185208532238,0.3820124723797453,Foraging-like acoustic activity,medium,negative-like candidate,medium
2880.0,2910.0,48.25,0,7,0,5,0,1,0,1,0.0,0.7142857142857143,0.0,0.14285714285714285,0.0,0.14285714285714285,5.0,5.0,183.10145340542837,0.17427490438733778,,,,0.45744785618213096,0.044444444444444446,0.0,0.18374319363550498,0.03794847813833693,0.0,0.1154966720385101,0.07472026626801169,Foraging-like acoustic activity,medium,unknown / mixed,low
2910.0,2940.0,48.75,0,12,0,5,0,1,0,6,0.0,0.4166666666666667,0.0,0.08333333333333333,0.0,0.5,9.583333333333334,5.0,195.4663054740042,0.22861337816963592,,,,0.6677522902047786,0.0761904761904762,0.0,0.24997803929283077,0.0,0.0,0.19300560406953754,0.07606374232391934,Foraging-like acoustic activity,high,positive-like candidate,low
2940.0,2970.0,49.25,2,18,0,12,2,0,0,6,0.0,0.6666666666666666,1.0,0.0,0.0,0.3333333333333333,15.277777777777779,5.0,153.08690172939603,0.18864871892664162,0.19851673394441605,17195.974663954654,22171.875,0.5570740136106539,0.17428571428571427,0.4871908931885125,0.41898753904487707,0.364340662196616,0.1689305466117509,0.05662304892968317,0.3818942581490295,Foraging-like acoustic activity,medium,negative-like candidate,medium
2970.0,3000.0,49.75,1,16,0,9,1,0,0,7,0.0,0.5625,1.0,0.0,0.0,0.4375,9.6875,5.0,148.00924463383888,0.20487099187448615,0.1056360080838203,22019.340002513407,37875.0,0.6207398109985534,0.13158730158730159,0.5563391892812064,0.4103612447819335,0.35216056656356215,0.12918455074866453,0.06532470448830878,0.39362843324542574,Foraging-like acoustic activity,medium,negative-like candidate,medium
3000.0,3030.0,50.25,2,24,1,15,1,1,0,8,0.5,0.625,0.5,0.041666666666666664,0.0,0.3333333333333333,15.625,5.0,138.29164431693724,0.18537222733721134,0.0744495522230863,9629.726679020001,15703.125,0.5725485916117292,0.3873809523809524,0.27006777532114423,0.4118733934030474,0.1895832995609145,0.19172274585418753,0.20375559272439095,0.2253745847005641,Foraging-like acoustic activity,medium,unknown / mixed,low
3030.0,3060.0,50.75,2,10,0,4,2,2,0,4,0.0,0.4,1.0,0.2,0.0,0.4,12.0,5.0,162.17862093660756,0.14737793207168576,0.1924285665154457,23421.69820410994,34500.0,0.5703797010227809,0.12349206349206349,0.5624016035374764,0.35420545824084493,0.40695683556521933,0.118273444337751,0.04720347756584353,0.4010589975723302,Foraging-like acoustic activity,medium,negative-like candidate,medium
3060.0,3090.0,51.25,0,9,0,6,0,0,0,3,0.0,0.6666666666666666,0.0,0.0,0.0,0.3333333333333333,12.222222222222221,5.0,145.47625031610175,0.1936205989784664,,,,0.5171267734633025,0.05714285714285714,0.0,0.20802232164502593,0.0,0.0,0.1443019599329338,0.06423638400433049,Foraging-like acoustic activity,medium,positive-like candidate,low
3090.0,3120.0,51.75,1,9,0,5,1,0,0,4,0.0,0.5555555555555556,1.0,0.0,0.0,0.4444444444444444,23.333333333333332,5.0,169.84631048135344,0.18498448448048693,0.1761191040277481,30125.110524788757,52593.75,0.5692430327508741,0.08714285714285713,0.6504624849886805,0.3828453094571546,0.378791577660048,0.09165376012982285,0.02889785992493324,0.42147313668333325,Foraging-like acoustic activity,medium,negative-like candidate,medium
3120.0,3150.0,52.25,0,9,0,6,0,0,0,3,0.0,0.6666666666666666,0.0,0.0,0.0,0.3333333333333333,17.22222222222222,5.0,161.5157308892551,0.20167001254028738,,,,0.5182292263906856,0.05714285714285714,0.0,0.21548265623756663,0.0,0.0,0.14244971807975565,0.06684750111171975,Foraging-like acoustic activity,medium,unknown / mixed,low
3150.0,3180.0,52.75,0,10,0,5,0,0,0,5,0.0,0.5,0.0,0.0,0.0,0.5,20.0,5.0,170.98381541495525,0.19202096238732333,,,,0.6131970397303597,0.06349206349206349,0.0,0.20971435418206097,0.0,0.0,0.18027608622243618,0.06387621443991182,Foraging-like acoustic activity,medium,positive-like candidate,low
3180.0,3210.0,53.25,3,31,1,25,2,1,0,5,0.3333333333333333,0.8064516129032258,0.6666666666666666,0.03225806451612903,0.0,0.16129032258064516,17.741935483870968,5.0,86.31142976672805,0.14732837100182808,0.144506341467301,16468.77575745559,25343.75,0.4194217449880997,0.40349206349206346,0.3982258113883063,0.411893900095101,0.37484212514374904,0.29626068050716936,0.11109033800279591,0.3319631741018242,Foraging-like acoustic activity,low,negative-like candidate,medium
3210.0,3240.0,53.75,7,2,7,0,0,2,0,0,1.0,0.0,0.0,1.0,0.0,0.0,52.5,10.0,87.34630105808378,0.058119663968682206,0.04341836220451761,1819.6537677167378,1526.7857142857142,0.2119352255562546,0.5726984126984127,0.0627270277497951,0.21830831752009314,0.09380010199461139,0.18118938662282574,0.24294909390429406,0.04525860067480483,Social communication candidate,medium,positive-like candidate,low
3240.0,3270.0,54.25,1,3,1,0,0,3,0,0,1.0,0.0,0.0,1.0,0.0,0.0,25.0,20.0,120.21010419810398,0.0411962419748306,0.0395919308066368,1886.6969241021093,1687.5,0.29624768393776013,0.39904761904761904,0.023616683725205045,0.20508478891955603,0.0,0.09359064828567963,0.22173268127377782,0.016645870009742762,Social communication candidate,low,positive-like candidate,low
3270.0,3300.0,54.75,4,14,4,0,0,14,0,0,1.0,0.0,0.0,1.0,0.0,0.0,57.857142857142854,15.0,105.53020944125946,0.042554249188729666,0.043059203773736905,1755.4756195857822,1523.4375,0.21386190191930926,0.5588888888888889,0.042304618355900034,0.24191031809829447,0.06224907449804232,0.22701222266314589,0.23821630161775934,0.03730828519636879,Social communication candidate,medium,positive-like candidate,low
3300.0,3330.0,55.25,6,22,6,10,0,12,0,0,1.0,0.45454545454545453,0.0,0.5454545454545454,0.0,0.0,44.77272727272727,10.0,81.75284713183447,0.053871276026422284,0.0430164989084005,1920.350450578393,1468.75,0.224558638262542,0.6696825396825397,0.05654262537372697,0.2777879983142741,0.055956642436147785,0.30564972030368437,0.2826271061457134,0.033262432628626895,Social communication candidate,high,positive-like candidate,low
3330.0,3360.0,55.75,7,28,3,18,3,7,1,3,0.42857142857142855,0.6428571428571429,0.42857142857142855,0.25,0.14285714285714285,0.10714285714285714,31.964285714285715,5.0,101.33309629367204,0.09860872091459372,0.08120030430810789,12481.518765068065,15522.32142857143,0.3507841910974444,0.5377777777777778,0.3355168336108603,0.3882733247609088,0.24815122479240387,0.3132361158759484,0.18625466325773193,0.23400041487840523,Social communication candidate,medium,unknown / mixed,medium
3360.0,3390.0,56.25,2,34,1,22,1,10,0,2,0.5,0.6470588235294118,0.5,0.29411764705882354,0.0,0.058823529411764705,34.85294117647059,5.0,80.98054731133846,0.08860852700822489,0.07536415383219715,16357.406627679055,19265.625,0.29634907788209913,0.4191269841269841,0.3235075876137481,0.3541076413906231,0.2429821444935764,0.2966110370978364,0.12535149157529651,0.23511210941252947,Social communication candidate,low,negative-like candidate,low
3390.0,3420.0,56.75,1,53,0,35,1,16,0,2,0.0,0.660377358490566,1.0,0.3018867924528302,0.0,0.03773584905660377,31.132075471698112,5.0,74.02602895490692,0.09415433380120201,0.090859904885292,15998.385752476426,24656.25,0.2908119267565223,0.09349206349206349,0.4799056595007947,0.42245332537261554,0.4995119798460538,0.14703742576464857,0.0,0.4545963771874891,Avoidance / stress-like arousal,low,negative-like candidate,medium
3420.0,3450.0,57.25,0,40,0,21,0,17,0,2,0.0,0.525,0.0,0.425,0.0,0.05,30.625,5.0,82.71448813020538,0.08845194196328517,,,,0.303305072214107,0.14603174603174604,0.0,0.2089629043618936,0.0816326662963111,0.07278449992289512,0.08877402310657731,0.08796695445524083,Foraging-like acoustic activity,low,unknown / mixed,low
3450.0,3480.0,57.75,3,7,2,2,1,5,0,0,0.6666666666666666,0.2857142857142857,0.3333333333333333,0.7142857142857143,0.0,0.0,20.0,10.0,90.5268616971998,0.050928552235875765,0.05424590657154716,7090.905101899811,1281.25,0.2849613996439538,0.36777777777777776,0.16927021268822456,0.2295346488473755,0.2389425553330929,0.16260079030173413,0.13664045638789796,0.16654865286745144,Social communication candidate,low,unknown / mixed,low
3480.0,3510.0,58.25,1,5,1,0,0,5,0,0,1.0,0.0,0.0,1.0,0.0,0.0,42.0,5.0,116.84809082545466,0.05270030871033664,0.0606839619576931,1188.0719694619047,1500.0,0.2567817240084865,0.41174603174603175,0.01858764725303579,0.226027534972792,0.0,0.11253338629898244,0.207351057196847,0.02106526192917959,Social communication candidate,medium,positive-like candidate,low
3510.0,3540.0,58.75,1,0,1,0,0,0,0,0,1.0,0.0,0.0,0.0,0.0,0.0,,,,,0.0609201826155185,1231.1414789916375,1500.0,0.0,0.38,0.018864714812246042,0.011354998309922672,0.02866725268672464,0.16872900033801547,0.16042668733534204,0.0,Social communication candidate,low,positive-like candidate,low
3540.0,3570.0,59.25,0,20,0,0,0,20,0,0,0.0,0.0,0.0,1.0,0.0,0.0,52.0,20.0,116.78577767684867,0.042371791228651964,,,,0.23499608245743875,0.12698412698412698,0.0,0.10276296657379219,0.0828602557410523,0.08482914257470617,0.08784753209555995,0.05420653433668175,Foraging-like acoustic activity,low,unknown / mixed,low
3570.0,3600.0,59.75,0,9,0,1,0,8,0,0,0.0,0.1111111111111111,0.0,0.8888888888888888,0.0,0.0,37.77777777777778,10.0,95.57575124990805,0.04494783033927276,,,,0.2500825949789572,0.05714285714285714,0.0,0.07022984889787373,0.02677332503887072,0.004508939796062379,0.08548090802784093,0.02805701481031906,Foraging-like acoustic activity,low,unknown / mixed,low
3600.0,3630.0,60.25,1,9,1,0,0,9,0,0,1.0,0.0,0.0,1.0,0.0,0.0,57.22222222222222,40.0,100.26804104268501,0.04709336989455749,0.0485255345702171,1410.5999341381262,1875.0,0.21131443251590362,0.43714285714285717,0.021088695622541065,0.2312631142394658,0.0,0.1510559192203547,0.20129540282301228,0.01958840053689266,Social communication candidate,medium,positive-like candidate,low
3630.0,3660.0,60.75,1,5,1,0,0,5,0,0,1.0,0.0,0.0,1.0,0.0,0.0,26.0,10.0,105.21601515075261,0.04333898499608034,0.0467489771544933,2073.773495077019,1218.75,0.28288204275068385,0.41174603174603175,0.023483255010735456,0.2147539381740612,0.0,0.1095680419102891,0.21986824779623532,0.018098624601163744,Social communication candidate,medium,positive-like candidate,low
3660.0,3690.0,61.25,0,8,0,0,0,8,0,0,0.0,0.0,0.0,1.0,0.0,0.0,71.875,35.0,97.24961330753976,0.046171629801392514,,,,0.1772075851211597,0.050793650793650794,0.0,0.0681894840614383,0.0,0.011872967115861353,0.06442295243111726,0.016247271802455783,Uncertain mixed acoustic state,low,unknown / mixed,low
3690.0,3720.0,61.75,0,16,0,0,0,16,0,0,0.0,0.0,0.0,1.0,0.0,0.0,51.25,20.0,107.64612345315595,0.048254499910399255,,,,0.22980459394247144,0.10158730158730159,0.0,0.09551674921100473,0.02728977266909105,0.05684049327406668,0.09066842566357652,0.03047316468684739,Foraging-like acoustic activity,low,unknown / mixed,low
3720.0,3750.0,62.25,2,28,2,0,0,28,0,0,1.0,0.0,0.0,1.0,0.0,0.0,37.32142857142857,10.0,108.26113323076355,0.05430236538606027,0.05384868569672105,1777.3937051555517,1218.75,0.2605431460916481,0.5877777777777777,0.028243300824520118,0.2992541848698339,0.07757485991379322,0.285873867141037,0.24652013069267834,0.057129645163886175,Social communication candidate,medium,positive-like candidate,low
3750.0,3780.0,62.75,2,28,2,10,0,17,0,1,1.0,0.35714285714285715,0.0,0.6071428571428571,0.0,0.03571428571428571,30.535714285714285,5.0,114.31821290341065,0.07482669595628974,0.05080513469874855,1606.9385453557452,1500.0,0.30773783766322454,0.5877777777777777,0.027948896260779392,0.3177091948367123,0.00603688484081269,0.27274392683334603,0.2753862635209117,0.03133792895670423,Social communication candidate,medium,positive-like candidate,low
3780.0,3810.0,63.25,0,20,0,11,0,4,0,5,0.0,0.55,0.0,0.2,0.0,0.25,30.75,5.0,128.00745633700166,0.15851291120052338,,,,0.4577495186009303,0.12698412698412698,0.0,0.21040454919196214,0.008538149410437651,0.018750138822373863,0.15209928654298469,0.05843614040426463,Foraging-like acoustic activity,medium,positive-like candidate,low
3810.0,3840.0,63.75,1,19,0,8,1,6,0,5,0.0,0.42105263157894735,1.0,0.3157894736842105,0.0,0.2631578947368421,22.36842105263158,5.0,176.5631604139738,0.2021190865259421,0.1596221029758453,18512.568718184066,33750.0,0.5174759314372825,0.15063492063492062,0.5220153093783787,0.4273970851848688,0.34185630910793785,0.1692873014374745,0.03521908745631805,0.38523214269371375,Foraging-like acoustic activity,medium,negative-like candidate,medium
3840.0,3870.0,64.25,0,15,0,9,0,1,0,5,0.0,0.6,0.0,0.06666666666666667,0.0,0.3333333333333333,36.0,5.0,126.65676350451625,0.14385604560375212,,,,0.4786616387073142,0.09523809523809523,0.0,0.18094729881664104,0.0,0.0,0.15610452675971048,0.049045840300110076,Foraging-like acoustic activity,medium,positive-like candidate,low
3870.0,3900.0,64.75,2,10,1,1,1,4,0,5,0.5,0.1,0.5,0.4,0.0,0.5,12.0,5.0,178.38279578318415,0.18710885718464848,0.17606677487492556,9104.933515057908,17859.375,0.6361110121482185,0.2984920634920635,0.2728414964053034,0.3879790639975331,0.12802197833337028,0.07712246096132586,0.20856106904070254,0.2031970524064044,Foraging-like acoustic activity,medium,unknown / mixed,low
3900.0,3930.0,65.25,5,3,5,0,0,3,0,0,1.0,0.0,0.0,1.0,0.0,0.0,46.666666666666664,20.0,79.19355651142173,0.12099172423283254,0.116368356347084,949.4539606954006,1200.0,0.21853110028186934,0.5190476190476191,0.042863661515217644,0.2933510765992776,0.0,0.1454807074809135,0.2220519906902996,0.03338846625564783,Social communication candidate,medium,positive-like candidate,low
3930.0,3960.0,65.75,2,15,2,0,0,15,0,0,1.0,0.0,0.0,1.0,0.0,0.0,50.666666666666664,10.0,85.74482667252427,0.12419198056062061,0.11759345978498456,1413.1183056528696,1078.125,0.21472537735986222,0.5052380952380953,0.025498835782553565,0.3346407159144055,0.03932778521893025,0.18891249563086077,0.19228686385404048,0.06413580678935696,Social communication candidate,medium,positive-like candidate,low
3960.0,3990.0,66.25,0,14,0,2,0,7,0,5,0.0,0.14285714285714285,0.0,0.5,0.0,0.35714285714285715,25.0,5.0,190.15318347687767,0.145758538373879,,,,0.5594928127767206,0.08888888888888889,0.0,0.17953595858237872,0.0,0.0,0.1819616968971386,0.04950425217049921,Foraging-like acoustic activity,medium,positive-like candidate,low
3990.0,4020.0,66.75,0,17,0,14,0,0,0,3,0.0,0.8235294117647058,0.0,0.0,0.0,0.17647058823529413,17.352941176470587,5.0,114.15952670781793,0.15861931267906637,,,,0.4198528434968767,0.10793650793650794,0.0,0.20097935438399187,0.0,0.00535736994763579,0.13522611748013785,0.05415229784392096,Foraging-like acoustic activity,medium,positive-like candidate,low
4020.0,4050.0,67.25,0,23,0,15,0,3,0,5,0.0,0.6521739130434783,0.0,0.13043478260869565,0.0,0.21739130434782608,21.73913043478261,5.0,140.20322727719457,0.1661412738587545,,,,0.47339792458677216,0.14603174603174604,0.0,0.22699845610691288,0.0,0.03515881909935824,0.16330402248758213,0.0575446977326576,Foraging-like acoustic activity,medium,positive-like candidate,low
4050.0,4080.0,67.75,0,7,0,4,0,0,0,3,0.0,0.5714285714285714,0.0,0.0,0.0,0.42857142857142855,35.0,5.0,144.9086953137501,0.16244157829454964,,,,0.5052814749899794,0.044444444444444446,0.0,0.1727758639888381,0.00804616258988694,0.0,0.1430042164023696,0.05742565889487579,Foraging-like acoustic activity,medium,positive-like candidate,low
4080.0,4110.0,68.25,0,32,0,24,0,3,0,5,0.0,0.75,0.0,0.09375,0.0,0.15625,23.28125,5.0,118.59667352537959,0.1468843684997409,,,,0.42946163543584875,0.19682539682539685,0.0,0.2377222544017041,0.10001076911463712,0.10275369822296562,0.14256363237480513,0.09868382561837362,Foraging-like acoustic activity,medium,unknown / mixed,low
4110.0,4140.0,68.75,0,1,0,0,0,1,0,0,0.0,0.0,0.0,1.0,0.0,0.0,80.0,80.0,82.49762218625374,0.0725855231285095,,,,0.1485335176530574,0.006349206349206349,0.0,0.0704481113568288,0.1202163648484339,0.0,0.0036553494165558267,0.07780182220430437,Uncertain mixed acoustic state,low,unknown / mixed,low
4140.0,4170.0,69.25,0,17,0,0,0,17,0,0,0.0,0.0,0.0,1.0,0.0,0.0,61.470588235294116,20.0,86.87293616731648,0.06274600392755336,,,,0.19208062280711025,0.10793650793650794,0.0,0.11212232693882238,0.07089930629033318,0.06868321957462298,0.06443812189968716,0.05495702606876157,Uncertain mixed acoustic state,low,unknown / mixed,low
4170.0,4200.0,69.75,0,14,0,7,0,7,0,0,0.0,0.5,0.0,0.5,0.0,0.0,40.714285714285715,5.0,57.967543958434455,0.0782518519886902,,,,0.21562776480555723,0.08888888888888889,0.0,0.11696960343124801,0.0035144211377522785,0.04014719301930561,0.07950023136813254,0.029187517379591993,Uncertain mixed acoustic state,low,unknown / mixed,low
4200.0,4230.0,70.25,1,27,1,12,0,15,0,0,1.0,0.4444444444444444,0.0,0.5555555555555556,0.0,0.0,27.22222222222222,5.0,67.576358449663,0.09592170489055135,0.0596905499696731,1295.746323006623,1218.75,0.2521304465186722,0.5514285714285714,0.018478180842988415,0.3357419728873111,0.07492562327628924,0.259139801833089,0.21693451573912678,0.07220757143920105,Social communication candidate,medium,positive-like candidate,low
4230.0,4260.0,70.75,2,50,2,0,0,50,0,0,1.0,0.0,0.0,1.0,0.0,0.0,29.3,10.0,109.69699538939196,0.06901200853288168,0.06376057304441925,1370.7842022501898,1171.875,0.27905277521980143,0.49253968253968256,0.02549387879408306,0.38457609494160827,0.1532117967766019,0.1508218450153371,0.16563555079315465,0.134764765156898,Social communication candidate,medium,unknown / mixed,low
4260.0,4290.0,71.25,1,8,1,1,0,7,0,0,1.0,0.125,0.0,0.875,0.0,0.0,23.75,10.0,114.51293716423368,0.06684560235589738,0.07268837839365,1144.483793612049,1687.5,0.29471265654362033,0.4307936507936508,0.018842002454764344,0.2508989653594374,0.1694679358440392,0.12283005657176943,0.17936989907856898,0.10322456187752597,Social communication candidate,medium,unknown / mixed,low
4290.0,4320.0,71.75,0,12,0,2,0,8,0,2,0.0,0.16666666666666666,0.0,0.6666666666666666,0.0,0.16666666666666666,33.75,5.0,128.9232056280104,0.10690151900053019,,,,0.37766887905404684,0.0761904761904762,0.0,0.13717340000972938,0.0,0.0,0.12531780195171185,0.03658211857483386,Foraging-like acoustic activity,low,positive-like candidate,low
4320.0,4350.0,72.25,3,33,3,9,0,23,0,1,1.0,0.2727272727272727,0.0,0.696969696969697,0.0,0.030303030303030304,29.242424242424242,5.0,95.71928943143091,0.10230085219849237,0.06514534354209896,1620.5521601680784,1406.25,0.2945024253573957,0.6304761904761904,0.03443576007630056,0.36171862173383545,0.12511529633510324,0.2953272191531823,0.24699572398544772,0.0952191244014704,Social communication candidate,medium,positive-like candidate,low
4350.0,4380.0,72.75,7,37,6,12,1,24,0,1,0.8571428571428571,0.32432432432432434,0.14285714285714285,0.6486486486486487,0.0,0.02702702702702703,24.864864864864863,5.0,91.50750036585892,0.07923619308181708,0.06970616376825738,5352.724065990472,1593.75,0.29956473877030637,0.6750793650793651,0.12850351252677522,0.3538904103244154,0.11884191347852538,0.3254756368477223,0.2727557713883655,0.10177930242233209,Social communication candidate,high,positive-like candidate,low
4380.0,4410.0,73.25,3,56,2,42,1,13,0,1,0.6666666666666666,0.75,0.3333333333333333,0.23214285714285715,0.0,0.017857142857142856,23.125,5.0,80.62626606840452,0.1031307630640055,0.08384280900160469,10783.806334750914,13000.0,0.2915572450910491,0.36777777777777776,0.22644922662989125,0.4389887171985209,0.2653665536484522,0.119390807542086,0.06950678221019785,0.2631841788205974,Conflict-like high-intensity activity,low,negative-like candidate,low
4410.0,4440.0,73.75,6,51,4,36,2,15,0,0,0.6666666666666666,0.7058823529411765,0.3333333333333333,0.29411764705882354,0.0,0.0,18.92156862745098,5.0,76.47071795646136,0.10061927928644067,0.07826363729933893,6161.712253741241,2125.0,0.2768141786670196,0.4895238095238095,0.18569910190930924,0.4197481054297649,0.17825003512976448,0.2047827812758812,0.14668373640780052,0.19083560166210214,Social communication candidate,low,unknown / mixed,low
4440.0,4470.0,74.25,0,26,0,21,0,0,0,5,0.0,0.8076923076923077,0.0,0.0,0.0,0.19230769230769232,19.807692307692307,5.0,112.16326828933379,0.1381994941486762,,,,0.4466339709627887,0.16507936507936508,0.0,0.21062534479949963,0.11518383653451389,0.06664337494278044,0.13862404154921196,0.10078969235845137,Foraging-like acoustic activity,medium,unknown / mixed,low
4470.0,4500.0,74.75,5,37,2,30,3,5,0,2,0.4,0.8108108108108109,0.6,0.13513513513513514,0.0,0.05405405405405406,21.62162162162162,5.0,73.88886860286753,0.11835538545573075,0.09750891402363772,13260.673087227444,13800.0,0.317911730661432,0.4550793650793651,0.33799796447598357,0.39532894261077955,0.32775042863766424,0.3059471034407958,0.11551853007456558,0.28519051093401376,Social communication candidate,low,negative-like candidate,medium
4500.0,4530.0,75.25,0,27,0,24,0,0,0,3,0.0,0.8888888888888888,0.0,0.0,0.0,0.1111111111111111,19.074074074074073,5.0,86.47035839048495,0.13346229217670577,,,,0.36930000548011993,0.17142857142857143,0.0,0.20940942791050854,0.055643960216943046,0.08997239903616001,0.12966404063351078,0.07261879615201663,Foraging-like acoustic activity,low,unknown / mixed,low
4530.0,4560.0,75.75,0,63,0,60,0,3,0,0,0.0,0.9523809523809523,0.0,0.047619047619047616,0.0,0.0,16.825396825396826,5.0,78.82963391853482,0.14993843306151647,,,,0.2831317908005706,0.0,0.0,0.3389655122487115,0.22116659501627808,0.0,0.0,0.21816289704437417,Conflict-like high-intensity activity,low,negative-like candidate,low
4560.0,4590.0,76.25,4,36,0,31,4,0,0,5,0.0,0.8611111111111112,1.0,0.0,0.0,0.1388888888888889,15.694444444444445,5.0,94.71339047856065,0.1584260567194885,0.11652370728552337,20361.580629506574,23507.8125,0.42118354095701166,0.2914285714285715,0.5246988333497544,0.43283671904843635,0.4967508146479849,0.28891023371319613,0.024518377101284128,0.4362561992142111,Avoidance / stress-like arousal,low,negative-like candidate,medium
4590.0,4620.0,76.75,3,49,0,43,2,4,1,2,0.0,0.8775510204081632,0.6666666666666666,0.08163265306122448,0.3333333333333333,0.04081632653061224,16.73469387755102,5.0,68.45653391073036,0.1338538056125446,0.16207629193862275,16763.12933963319,32406.25,0.3191856502529404,0.1788888888888889,0.5035953334095786,0.5598231865719632,0.44865703635762677,0.10469823263501923,0.0,0.47171951500970155,Conflict-like high-intensity activity,medium,negative-like candidate,medium
4620.0,4650.0,77.25,1,50,0,47,1,3,0,0,0.0,0.94,1.0,0.06,0.0,0.0,23.5,5.0,68.26479611363398,0.12110410958528516,0.1013311445713043,15735.86308414906,24187.5,0.26073609026223626,0.11253968253968256,0.4768799442194147,0.4398587794780788,0.420722110621321,0.17242864509955605,0.0,0.42177055905985256,Conflict-like high-intensity activity,low,negative-like candidate,medium
4650.0,4680.0,77.75,1,46,0,35,1,10,0,1,0.0,0.7608695652173914,1.0,0.21739130434782608,0.0,0.021739130434782608,24.347826086956523,5.0,63.84383753982223,0.09669791275392405,0.1298069208860397,18726.037279136483,33656.25,0.27792516110224635,0.13793650793650797,0.5231211799125989,0.4098479247196616,0.4398578233571777,0.20546919235942798,0.0,0.4253165539546551,Avoidance / stress-like arousal,low,negative-like candidate,medium
4680.0,4710.0,78.25,3,8,3,0,0,8,0,0,1.0,0.0,0.0,1.0,0.0,0.0,38.125,5.0,119.70055018521387,0.06532555399462575,0.0646426379680633,1139.1137703213465,1562.5,0.2673347393665015,0.4907936507936508,0.031784284014304325,0.2479905016125486,0.14173053245122458,0.1558873327565709,0.20459451803884762,0.08331322435125632,Social communication candidate,medium,positive-like candidate,low
4710.0,4740.0,78.75,1,1,1,0,0,1,0,0,1.0,0.0,0.0,1.0,0.0,0.0,5.0,5.0,114.27815620660007,0.06895412504673,0.0620135329663753,1426.5568245192778,1593.75,0.3352982834086756,0.38634920634920633,0.020389207781250255,0.22864125872670457,0.0,0.06583113919197157,0.22261916443216792,0.026149901158215694,Social communication candidate,low,positive-like candidate,low
4740.0,4770.0,79.25,0,1,0,0,0,1,0,0,0.0,0.0,0.0,1.0,0.0,0.0,40.0,40.0,92.83924568112884,0.0624741129577159,,,,0.24320912378288198,0.006349206349206349,0.0,0.06107668292950445,0.0,0.0,0.06965733130230023,0.020424458072945607,Foraging-like acoustic activity,low,unknown / mixed,low
4770.0,4800.0,79.75,0,4,0,0,0,4,0,0,0.0,0.0,0.0,1.0,0.0,0.0,71.25,15.0,98.58697312118909,0.059550492092967006,,,,0.17956449863220247,0.025396825396825397,0.0,0.06789083047542628,0.0,0.0,0.053908896807214404,0.019952266856875386,Uncertain mixed acoustic state,low,unknown / mixed,low
4800.0,4830.0,80.25,0,8,0,0,0,8,0,0,0.0,0.0,0.0,1.0,0.0,0.0,60.625,30.0,97.6713173813828,0.06095265038311476,,,,0.20197887072067502,0.050793650793650794,0.0,0.08188878753391787,0.0005834002721296291,0.004178849301462367,0.06883726128117135,0.021304558140281968,Uncertain mixed acoustic state,low,unknown / mixed,low
4830.0,4860.0,80.75,0,35,0,1,0,34,0,0,0.0,0.02857142857142857,0.0,0.9714285714285714,0.0,0.0,33.142857142857146,5.0,111.15250681563937,0.06074333286711143,,,,0.27178514527903563,0.17777777777777778,0.0,0.16740907418312,0.13751505649097298,0.1254944894409022,0.09052331446998321,0.09380828471836317,Foraging-like acoustic activity,low,unknown / mixed,low
4860.0,4890.0,81.25,3,23,3,0,0,23,0,0,1.0,0.0,0.0,1.0,0.0,0.0,30.869565217391305,10.0,116.69935349080072,0.05867823051369705,0.05705037961403523,1867.618231065486,1718.75,0.2808673024258553,0.586031746031746,0.03691640976383281,0.28803356409493086,0.044297768787788454,0.259457921933938,0.2645333301379087,0.040224263435735264,Social communication candidate,medium,positive-like candidate,low
4890.0,4920.0,81.75,1,8,1,1,0,7,0,0,1.0,0.125,0.0,0.875,0.0,0.0,48.75,25.0,115.75262576392493,0.06093034707009789,0.0599251426756382,1211.1631958898329,1687.5,0.24129014560896467,0.4307936507936508,0.019270953223891406,0.24303764786022458,0.05962120737926462,0.1350868222585431,0.190492097617397,0.05112786309747833,Social communication candidate,medium,positive-like candidate,low
4920.0,4950.0,82.25,6,6,6,0,0,6,0,0,1.0,0.0,0.0,1.0,0.0,0.0,26.666666666666668,10.0,88.54013458642765,0.05738647468388076,0.0582172945141792,1236.9241447566349,1562.5,0.2689857343447669,0.5680952380952381,0.052413501342435685,0.23308559156644595,0.0,0.1838000205320432,0.2798621866935918,0.0068483716024574925,Social communication candidate,medium,positive-like candidate,low
4950.0,4980.0,82.75,9,2,9,0,0,2,0,0,1.0,0.0,0.0,1.0,0.0,0.0,22.5,5.0,97.48513728578251,0.0577235892415046,0.05752225509948196,1353.8449188285856,2583.3333333333335,0.2847203389405851,0.6326984126984126,0.0760771241119293,0.2205700730522397,0.0,0.19318001283953026,0.31819538242781853,0.0,Social communication candidate,medium,positive-like candidate,low
4980.0,5010.0,83.25,6,8,6,0,0,8,0,0,1.0,0.0,0.0,1.0,0.0,0.0,54.375,5.0,103.63097926115319,0.055757442023605074,0.057203397154807996,1971.0110570743952,3593.75,0.22001417454617628,0.5807936507936509,0.06292913276785689,0.23773600074553378,0.0028423339533414915,0.20790234589403897,0.26633072023630905,0.009953429474464245,Social communication candidate,medium,positive-like candidate,low
5010.0,5040.0,83.75,6,2,6,0,0,2,0,0,1.0,0.0,0.0,1.0,0.0,0.0,7.5,5.0,106.60976902787505,0.04935004003345965,0.05878074591358498,1751.7890888173079,1703.125,0.32413974496972475,0.5426984126984127,0.05612671383494988,0.21304389585012523,0.0,0.14630136707412528,0.2937500276986518,0.004385944409771914,Social communication candidate,medium,positive-like candidate,low
5040.0,5070.0,84.25,2,6,2,1,0,5,0,0,1.0,0.16666666666666666,0.0,0.8333333333333334,0.0,0.0,69.16666666666667,40.0,101.9102692759568,0.0559079510470231,0.0575703121721744,1413.2582236822134,1546.875,0.186574023436459,0.4480952380952381,0.026836634275520688,0.23159467854638408,0.0,0.14658054531771708,0.1974653617817026,0.019211178632052836,Social communication candidate,medium,positive-like candidate,low
5070.0,5100.0,84.75,0,35,0,22,0,13,0,0,0.0,0.6285714285714286,0.0,0.37142857142857144,0.0,0.0,40.142857142857146,5.0,81.6089513979958,0.07711125920925817,,,,0.2345161682074287,0.17777777777777778,0.0,0.18257914914083545,0.14310540305171401,0.1299142698636805,0.07153056336742089,0.10163346690589703,Foraging-like acoustic activity,low,unknown / mixed,low
5100.0,5130.0,85.25,0,10,0,6,0,4,0,0,0.0,0.6,0.0,0.4,0.0,0.0,43.5,15.0,54.000857192573356,0.09213972426950924,,,,0.2066110921245876,0.06349206349206349,0.0,0.1171427090363305,0.09851771569069138,0.011439715958292566,0.04111306918146222,0.07580911069971728,Uncertain mixed acoustic state,low,unknown / mixed,low
5130.0,5160.0,85.75,1,1,1,0,0,1,0,0,1.0,0.0,0.0,1.0,0.0,0.0,60.0,60.0,106.47622139263107,0.0589424073696136,0.0545370355248451,1363.8206798123308,1593.75,0.20990962898453347,0.38634920634920633,0.019985624116657663,0.21796867216514013,0.013044620781660278,0.0930433873891129,0.17867375615677247,0.028203858480496752,Social communication candidate,low,positive-like candidate,low
5160.0,5190.0,86.25,2,3,2,0,0,3,0,0,1.0,0.0,0.0,1.0,0.0,0.0,68.33333333333333,5.0,96.27151813541253,0.05257694174846011,0.05557099170982835,1512.8702109582805,3703.125,0.1841768011093849,0.429047619047619,0.033627174058124404,0.2186109763086193,0.0,0.12679958737354202,0.19195001606712747,0.018882133662498787,Social communication candidate,medium,positive-like candidate,low
5190.0,5220.0,86.75,2,4,2,0,0,4,0,0,1.0,0.0,0.0,1.0,0.0,0.0,52.5,10.0,104.65588883207447,0.0527954958379268,0.04639394208788865,1673.043033185027,1500.0,0.22485526358140373,0.4353968253968254,0.028374148586512493,0.22027761600844867,0.0,0.12594961455821999,0.20854462887952813,0.017462471510735725,Social communication candidate,medium,positive-like candidate,low
5220.0,5250.0,87.25,0,38,0,30,0,8,0,0,0.0,0.7894736842105263,0.0,0.21052631578947367,0.0,0.0,35.0,5.0,77.86530099012336,0.06576554271343504,,,,0.24290199679244562,0.15873015873015875,0.0,0.1815875539583423,0.16933670625313896,0.10557828032603289,0.05963382755513996,0.11594763788980852,Foraging-like acoustic activity,low,unknown / mixed,low
5250.0,5280.0,87.75,1,5,1,4,0,1,0,0,1.0,0.8,0.0,0.2,0.0,0.0,22.0,5.0,139.02253807694237,0.10255351588129995,0.0456865616142749,1555.382664100911,1593.75,0.316811199465979,0.41174603174603175,0.02121794860801667,0.2694369562165311,0.11337374401807816,0.09184560695873609,0.18699511122932805,0.0878028044436196,Social communication candidate,medium,positive-like candidate,low
5280.0,5310.0,88.25,1,24,1,14,0,9,0,1,1.0,0.5833333333333334,0.0,0.375,0.0,0.041666666666666664,37.5,5.0,80.78600904660804,0.07944103982299562,0.0467821471393108,2578.2866988106,9187.5,0.2699502882661499,0.5323809523809524,0.049456077628733296,0.30853758490652905,0.09640598302338962,0.23815956822260706,0.21739125823677496,0.0814049197464143,Social communication candidate,medium,positive-like candidate,low
5310.0,5340.0,88.75,0,37,0,29,0,8,0,0,0.0,0.7837837837837838,0.0,0.21621621621621623,0.0,0.0,32.83783783783784,5.0,73.45553738203157,0.08333962169047944,,,,0.2443108605646541,0.16507936507936508,0.0,0.194700908697387,0.0766289841909152,0.1102928842428299,0.08222699682639834,0.07786645616809251,Foraging-like acoustic activity,low,unknown / mixed,low
5340.0,5370.0,89.25,1,35,1,28,0,7,0,0,1.0,0.8,0.0,0.2,0.0,0.0,30.0,5.0,68.01550207299978,0.09268955524478636,0.0681387558579444,6832.967551232291,10406.25,0.24641958007872883,0.5577777777777778,0.08030251411737001,0.35971785948710217,0.05610560038845825,0.2631058454201671,0.21530509508430987,0.08354260715209932,Social communication candidate,medium,positive-like candidate,low
5370.0,5400.0,89.75,0,0,0,0,0,0,0,0,0.0,0.0,0.0,0.0,0.0,0.0,,,,,,,,0.0,0.0,0.0,0.0,0.16363636363636366,0.0,0.0,0.07363636363636365,Low-activity / no annotated acoustic event,low,unknown / mixed,low
5400.0,5430.0,90.25,0,2,0,0,0,2,0,0,0.0,0.0,0.0,1.0,0.0,0.0,60.0,20.0,71.67544140156893,0.08366633951663971,,,,0.1839340016813241,0.012698412698412698,0.0,0.083892605273045,0.0,0.0,0.04492340472083564,0.02745764994080384,Uncertain mixed acoustic state,low,unknown / mixed,low
5430.0,5460.0,90.75,0,0,0,0,0,0,0,0,0.0,0.0,0.0,0.0,0.0,0.0,,,,,,,,0.0,0.0,0.0,0.0,0.009090909090909092,0.0,0.0,0.004090909090909091,Low-activity / no annotated acoustic event,low,unknown / mixed,low
5460.0,5490.0,91.25,2,0,2,0,0,0,0,0,1.0,0.0,0.0,0.0,0.0,0.0,,,,,0.0617226548492908,1199.9458508722078,1687.5,0.0,0.41,0.02586545834428583,0.011504572235459842,0.014880377180674264,0.18219908555290804,0.1773285340341935,0.0,Social communication candidate,medium,positive-like candidate,low
5490.0,5520.0,91.75,0,2,0,0,0,2,0,0,0.0,0.0,0.0,1.0,0.0,0.0,72.5,55.0,107.46738547465941,0.04747344739735125,,,,0.18347553007159215,0.012698412698412698,0.0,0.05034841189698275,0.0,0.0,0.05482619767024814,0.015717182259182054,Uncertain mixed acoustic state,low,unknown / mixed,low
5520.0,5550.0,92.25,0,3,0,0,0,3,0,0,0.0,0.0,0.0,1.0,0.0,0.0,43.333333333333336,10.0,92.9135737200126,0.04954561342795686,,,,0.23601822611390233,0.01904761904761905,0.0,0.055443534100815366,0.0,0.0,0.07454474748104978,0.01654809407814252,Foraging-like acoustic activity,low,unknown / mixed,low
5550.0,5580.0,92.75,2,2,2,0,0,2,0,0,1.0,0.0,0.0,1.0,0.0,0.0,10.0,10.0,97.44156359178145,0.044337539002299295,0.04450381547212595,1466.3361938716891,1078.125,0.31186172817178426,0.4226984126984127,0.02584118819278785,0.20573712679938133,0.0,0.0962183242438621,0.23764475253459583,0.01377147011357914,Social communication candidate,medium,positive-like candidate,low
5580.0,5610.0,93.25,1,0,1,0,0,0,0,0,1.0,0.0,0.0,0.0,0.0,0.0,,,,,0.0427163690328598,1469.25713919521,1593.75,0.0,0.38,0.020663900297927345,0.007961963955941892,0.020725197950718234,0.16940760720881162,0.1634301113255379,0.0,Social communication candidate,low,positive-like candidate,low
5610.0,5640.0,93.75,0,2,0,0,0,2,0,0,0.0,0.0,0.0,1.0,0.0,0.0,10.0,5.0,92.755048057901,0.0466513484716415,,,,0.30836366919465663,0.012698412698412698,0.0,0.04958647650791876,0.0,0.0,0.0987656269800399,0.015450504873009658,Foraging-like acoustic activity,low,positive-like candidate,low
5640.0,5670.0,94.25,0,2,0,0,0,2,0,0,0.0,0.0,0.0,1.0,0.0,0.0,102.5,45.0,97.28661408777279,0.0495215877890586,,,,0.11065911589267476,0.012698412698412698,0.0,0.05224666355187442,0.0,0.0,0.028770977211159555,0.01638157033839414,Uncertain mixed acoustic state,low,unknown / mixed,low
5670.0,5700.0,94.75,0,2,0,0,0,2,0,0,0.0,0.0,0.0,1.0,0.0,0.0,7.5,5.0,116.52594353049287,0.04428695701062675,,,,0.33154127025794367,0.012698412698412698,0.0,0.04739511793608688,0.0,0.0,0.10753519492373992,0.0146835293728685,Foraging-like acoustic activity,low,positive-like candidate,low
5700.0,5730.0,95.25,0,1,0,0,0,1,0,0,0.0,0.0,0.0,1.0,0.0,0.0,15.0,15.0,83.39180114262804,0.0453119724988937,,,,0.29050528900583306,0.006349206349206349,0.0,0.04517051670215652,0.0,0.0,0.09098283899853747,0.014857299893373829,Foraging-like acoustic activity,low,unknown / mixed,low
5730.0,5760.0,95.75,0,5,0,0,0,5,0,0,0.0,0.0,0.0,1.0,0.0,0.0,69.0,10.0,93.16611866824834,0.045952485501766185,,,,0.18040962657333032,0.031746031746031744,0.0,0.05846256784088569,0.0,0.0,0.059890313234114194,0.015699993982405226,Uncertain mixed acoustic state,low,unknown / mixed,low
5760.0,5790.0,96.25,0,4,0,0,0,4,0,0,0.0,0.0,0.0,1.0,0.0,0.0,62.5,15.0,101.19822070894435,0.04459578357636927,,,,0.2005352973570876,0.025396825396825397,0.0,0.05403055004494761,0.0,0.0,0.0654067604900678,0.015101168706207852,Uncertain mixed acoustic state,low,unknown / mixed,low
5790.0,5820.0,96.75,0,13,0,7,0,6,0,0,0.0,0.5384615384615384,0.0,0.46153846153846156,0.0,0.0,53.07692307692308,15.0,80.06336493082007,0.054977075125162374,,,,0.20524499338978677,0.08253968253968254,0.0,0.09222353773517375,0.03075726253554354,0.039553912822626935,0.0736222278748445,0.03373805396735302,Uncertain mixed acoustic state,low,unknown / mixed,low
5820.0,5850.0,97.25,0,40,0,28,0,12,0,0,0.0,0.7,0.0,0.3,0.0,0.0,32.25,5.0,83.1625586036844,0.07355400398373599,,,,0.25283418023312243,0.14603174603174604,0.0,0.19515523983916122,0.14829420918436786,0.08564021122363852,0.05858612454803824,0.11313196617191007,Foraging-like acoustic activity,low,unknown / mixed,low
5850.0,5880.0,97.75,0,44,0,30,0,14,0,0,0.0,0.6818181818181818,0.0,0.3181818181818182,0.0,0.0,31.477272727272727,5.0,73.55997884778616,0.07246563236483115,,,,0.24734656689077142,0.12063492063492065,0.0,0.2068449310480275,0.05092110298947232,0.053923605174145,0.06607325763570797,0.07721498411683407,Foraging-like acoustic activity,low,unknown / mixed,low
5880.0,5910.0,98.25,0,21,0,21,0,0,0,0,0.0,1.0,0.0,0.0,0.0,0.0,42.38095238095238,5.0,46.61885025348711,0.08674097344988865,,,,0.2035338053959579,0.13333333333333333,0.0,0.14705968907120365,0.1073487170693942,0.08988130110656767,0.060281745899875616,0.07977781385614867,Uncertain mixed acoustic state,low,unknown / mixed,low
