file_name,file_path,sample_rate,num_samples,duration_sec,rms_energy,peak_amplitude,mean_abs_amplitude,zero_crossing_rate,spectral_centroid_hz,spectral_bandwidth_hz,spectral_rolloff_85_hz,dominant_frequency_hz,low_freq_est_hz,high_freq_est_hz,bandwidth_est_hz,PC1,PC2,cluster
001_whistle.wav,/Users/nfot413/dolphin_project/data/segments/001_whistle.wav,192000,15541,0.0809427083333333,0.0321958102285862,0.1144749298691749,0.0257580168545246,0.062286854127791,2087.8496485794785,7364.834948140448,1593.75,937.5,0.0,1031.25,1031.25,-1.864740927017212,0.012104885744453783,0
002_whistle.wav,/Users/nfot413/dolphin_project/data/segments/002_whistle.wav,192000,22573,0.1175677083333333,0.0195500925183296,0.1855220198631286,0.015462334267795,0.1110175873831568,5370.596044651501,13268.199033833143,7312.5,1031.25,93.75,6750.0,6656.25,-0.47253804160390056,-0.4874523681978476,0
003_whistle.wav,/Users/nfot413/dolphin_project/data/segments/003_whistle.wav,192000,25577,0.1332135416666666,0.0188653077930212,0.0973235294222831,0.0150630082935094,0.1107635766508973,4925.141537525422,12943.427241785095,7500.0,375.0,0.0,1031.25,1031.25,-0.9123648316338621,-0.323998375715378,0
004_whistle.wav,/Users/nfot413/dolphin_project/data/segments/004_whistle.wav,192000,231800,1.2072916666666669,0.0292113199830055,0.5978881120681763,0.0230502057820558,0.077204486626402,3475.6857657848896,10101.113221677952,3375.0,843.75,93.75,1687.5,1593.75,-1.0259855184273408,-0.3513554159367808,0
005_whistle.wav,/Users/nfot413/dolphin_project/data/segments/005_whistle.wav,192000,25558,0.1331145833333333,0.0382296033203601,0.2506485283374786,0.0302405972033739,0.0630722278738555,2716.047285721741,8402.716445951331,1781.25,468.75,93.75,1687.5,1593.75,-1.5869173811792872,-0.004209347704745213,0
006_whistle.wav,/Users/nfot413/dolphin_project/data/segments/006_whistle.wav,192000,18701,0.0974010416666666,0.0411719195544719,0.136326178908348,0.0331186577677726,0.0497834340409603,1631.8480739520005,5901.836358055139,1312.5,843.75,187.5,1218.75,1031.25,-2.003148392834528,0.22579729446349647,0
007_whistle.wav,/Users/nfot413/dolphin_project/data/segments/007_whistle.wav,192000,69180,0.3603125,0.0462395548820495,0.3204443454742431,0.0355121418833732,0.0505059265683723,1864.2430082877397,5817.923269638934,1593.75,656.25,93.75,1593.75,1500.0,-1.8012489569611245,0.1250873881557495,0
008_whistle.wav,/Users/nfot413/dolphin_project/data/segments/008_whistle.wav,192000,145802,0.7593854166666667,0.0399249531328678,0.2290414124727249,0.0312030874192714,0.0638400021947572,2260.513753286112,6686.326733359759,1593.75,937.5,0.0,1500.0,1500.0,-1.725131925181692,0.004905527290104068,0
009_whistle.wav,/Users/nfot413/dolphin_project/data/segments/009_whistle.wav,192000,107136,0.558,0.0420372635126113,0.5283669829368591,0.0335180535912513,0.0518406511350059,2144.2836457418293,7699.194493772408,1406.25,562.5,0.0,1687.5,1687.5,-1.5181107368970077,-0.12244106156953044,0
010_whistle.wav,/Users/nfot413/dolphin_project/data/segments/010_whistle.wav,192000,112825,0.5876302083333333,0.0371486730873584,0.2401196360588073,0.0292347576469182,0.0672811876800354,2524.393679410211,6922.309723342285,1968.75,1031.25,93.75,10312.5,10218.75,-1.2224081561630762,-0.2726620963180347,0
011_whistle.wav,/Users/nfot413/dolphin_project/data/segments/011_whistle.wav,192000,198856,1.0357083333333332,0.0460767149925231,0.3165990114212036,0.0353193916380405,0.0534959971034316,1762.7059362865302,5582.314559882866,1687.5,937.5,0.0,1875.0,1875.0,-1.790130634120028,0.015829203410429423,0
012_whistle.wav,/Users/nfot413/dolphin_project/data/segments/012_whistle.wav,192000,124800,0.65,0.0450039468705654,0.1961424648761749,0.0357467606663703,0.0492628205128205,1482.494427546315,5614.918569858794,1031.25,750.0,93.75,1031.25,937.5,-1.9990143372146802,0.1560435174440204,0
013_whistle.wav,/Users/nfot413/dolphin_project/data/segments/013_whistle.wav,192000,81074,0.4222604166666667,0.0408219397068023,0.2222357839345932,0.0321821197867393,0.0525199200730197,1649.6176928837192,6011.056327693626,1406.25,750.0,93.75,1125.0,1031.25,-1.9213583904158205,0.11254161385462061,0
014_whistle.wav,/Users/nfot413/dolphin_project/data/segments/014_whistle.wav,192000,79104,0.412,0.1037856936454773,0.9945676922798156,0.0470493845641613,0.0573043082524271,13758.943443589877,16388.404177083557,28218.75,3656.25,281.25,23906.25,23625.0,2.100495653482127,-1.24261738077964,1
015_whistle.wav,/Users/nfot413/dolphin_project/data/segments/015_whistle.wav,192000,35520,0.185,0.0389021635055542,0.2468947470188141,0.0307468045502901,0.0545045045045045,1800.62085548586,6334.191979904972,1593.75,750.0,93.75,1593.75,1500.0,-1.832742475869995,0.08621508384710205,0
016_whistle.wav,/Users/nfot413/dolphin_project/data/segments/016_whistle.wav,192000,103488,0.539,0.0432605929672718,0.2189702987670898,0.0340565666556358,0.0523055813234384,1767.5326657796984,5714.246063320823,2343.75,468.75,93.75,3937.5,3843.75,-1.7862426988205355,0.01663628617308593,0
017_whistle.wav,/Users/nfot413/dolphin_project/data/segments/017_whistle.wav,192000,28800,0.15,0.055382166057825,0.2239753454923629,0.043761383742094,0.0395138888888888,1532.484849520272,4601.812279522656,1593.75,750.0,0.0,1593.75,1593.75,-2.023723105841119,0.2514462524448746,0
018_whistle.wav,/Users/nfot413/dolphin_project/data/segments/018_whistle.wav,192000,102144,0.532,0.0399952642619609,0.1932126879692077,0.0318475700914859,0.0537476503759398,1689.6078169441705,6183.441131739479,1312.5,750.0,93.75,1593.75,1500.0,-1.9092663807639623,0.08049004028995896,0
019_whistle.wav,/Users/nfot413/dolphin_project/data/segments/019_whistle.wav,192000,92928,0.484,0.0483455136418342,0.2288277894258499,0.038215447217226,0.0456912878787878,1544.6912841766346,5349.8067137969165,1406.25,937.5,0.0,1781.25,1781.25,-1.950168380225292,0.12459247902432129,0
020_whistle.wav,/Users/nfot413/dolphin_project/data/segments/020_whistle.wav,192000,98496,0.513,0.041400883346796,0.7244789004325867,0.0313444845378398,0.0670281026640675,3685.484113611283,10122.004311572766,2062.5,937.5,93.75,1781.25,1687.5,-0.9337462550112524,-0.20396370355804005,0
021_whistle.wav,/Users/nfot413/dolphin_project/data/segments/021_whistle.wav,192000,47424,0.247,0.0459621734917163,0.1790520995855331,0.0365681685507297,0.0482245276653171,1595.6215624375916,5487.209413619195,1500.0,937.5,93.75,1687.5,1593.75,-1.9592806756147618,0.1961379528707161,0
022_whistle.wav,/Users/nfot413/dolphin_project/data/segments/022_whistle.wav,192000,37440,0.195,0.0553467683494091,0.2232123762369156,0.0431557744741439,0.0473290598290598,1417.2699555894908,4740.007791368442,1218.75,937.5,0.0,1125.0,1125.0,-1.9644496054107934,0.2985555360060017,0
023_whistle.wav,/Users/nfot413/dolphin_project/data/segments/023_whistle.wav,192000,43008,0.224,0.0360363461077213,0.3390301167964935,0.0283221267163753,0.0694754464285714,2950.959066903046,8985.466098431862,2156.25,843.75,0.0,1500.0,1500.0,-1.4045306157046036,-0.10088386403401384,0
024_whistle.wav,/Users/nfot413/dolphin_project/data/segments/024_whistle.wav,192000,69888,0.364,0.0547553971409797,0.3223670125007629,0.0418451018631458,0.0486349587912087,1659.389931850841,4741.9839743241555,1687.5,937.5,187.5,1781.25,1593.75,-1.800729982078616,0.31548922620773195,0
025_whistle.wav,/Users/nfot413/dolphin_project/data/segments/025_whistle.wav,192000,68544,0.357,0.0371004119515419,0.2458571195602417,0.0290932673960924,0.067547852474323,2506.991098181493,7230.909166594157,3093.75,1031.25,93.75,1687.5,1593.75,-1.5789833763102095,0.03522730842697546,0
026_whistle.wav,/Users/nfot413/dolphin_project/data/segments/026_whistle.wav,192000,76032,0.396,0.0413491204380989,0.2680746018886566,0.032170832157135,0.0607375841750841,2189.8291766037646,6840.750127736385,1875.0,937.5,93.75,1781.25,1687.5,-1.6679000578323362,0.07314495202513313,0
027_whistle.wav,/Users/nfot413/dolphin_project/data/segments/027_whistle.wav,192000,40512,0.211,0.0580464266240596,0.9937132000923156,0.0442228689789772,0.0448015402843601,3516.791469233307,8936.862504418625,1875.0,1031.25,187.5,1218.75,1031.25,-0.8986552141683669,-0.0052652439426536845,0
028_multiple_whistle.wav,/Users/nfot413/dolphin_project/data/segments/028_multiple_whistle.wav,192000,1263549,6.580984375,0.0481464304029941,0.747337281703949,0.0365903973579406,0.0606933328268234,3112.795728452055,6907.585597710621,4593.75,937.5,0.0,4968.75,4968.75,-1.1061534889528852,-0.9234030509317732,0
029_multiple_whistle.wav,/Users/nfot413/dolphin_project/data/segments/029_multiple_whistle.wav,192000,867723,4.519390625,0.0475335046648979,0.651509165763855,0.0372271165251731,0.0560847182799119,2314.644505786004,6064.171032508279,3750.0,937.5,93.75,3750.0,3656.25,-1.3390150470661615,-0.5147002139274593,0
030_multiple_whistle.wav,/Users/nfot413/dolphin_project/data/segments/030_multiple_whistle.wav,192000,273024,1.422,0.0488222502171993,0.4545121490955353,0.0372104756534099,0.0573209681200187,2397.499879101879,5421.257662001277,4218.75,4218.75,93.75,4500.0,4406.25,-1.232158494419823,0.016361948948555135,0
031_multiple_whistle.wav,/Users/nfot413/dolphin_project/data/segments/031_multiple_whistle.wav,192000,602112,3.136,0.0519042164087295,0.4960173368453979,0.0407933630049228,0.0472769185799319,1646.867105337895,5433.01031687787,1312.5,937.5,0.0,1593.75,1593.75,-1.7393174987777473,-0.20590701984158205,0
032_multiple_whistle.wav,/Users/nfot413/dolphin_project/data/segments/032_multiple_whistle.wav,192000,122112,0.636,0.0512286871671676,0.2844019830226898,0.0403448231518268,0.0484309486373165,2053.095760971625,5394.020669581038,4218.75,937.5,93.75,4406.25,4312.5,-1.6346349319109776,0.05108509609922863,0
033_multiple_whistle.wav,/Users/nfot413/dolphin_project/data/segments/033_multiple_whistle.wav,192000,840192,4.376,0.0584622845053672,0.9940183758735656,0.0448002703487873,0.0486424531535649,2372.1674459825617,7224.049327402149,1687.5,937.5,0.0,1687.5,1687.5,-1.1186904334502,-0.4993165286460778,0
034_whistle.wav,/Users/nfot413/dolphin_project/data/segments/034_whistle.wav,192000,153408,0.799,0.0444693304598331,0.1954100131988525,0.0351649522781372,0.052252816020025,1656.5175749926857,5702.919954266097,1500.0,562.5,93.75,1687.5,1593.75,-1.9323926606843245,0.10161296728284416,0
035_whistle.wav,/Users/nfot413/dolphin_project/data/segments/035_whistle.wav,192000,115968,0.604,0.0464813411235809,0.1829279512166977,0.0368987917900085,0.04826331401766,1487.6364582487208,5509.677089763522,1125.0,468.75,93.75,1125.0,1031.25,-2.0250794899859765,0.16791409529580725,0
036_whistle.wav,/Users/nfot413/dolphin_project/data/segments/036_whistle.wav,192000,174528,0.909,0.0512689463794231,0.4498123228549957,0.0405406989157199,0.0433168316831683,1395.943891584883,5021.294202248613,1125.0,937.5,187.5,1218.75,1031.25,-1.8060064250317074,0.18931871931943384,0
037_whistle.wav,/Users/nfot413/dolphin_project/data/segments/037_whistle.wav,192000,192689,1.0035885416666666,0.0430966317653656,0.4699240028858185,0.0316013023257255,0.0588928273020255,1499.9830651311922,5910.852678353883,1406.25,93.75,0.0,1593.75,1593.75,-1.678074758355831,-0.062024254864831686,0
038_multiple_whistle.wav,/Users/nfot413/dolphin_project/data/segments/038_multiple_whistle.wav,192000,780288,4.064,0.0465485751628875,0.9938352704048156,0.0358550436794757,0.0606083907480314,2698.080566828385,7279.03144856402,3281.25,937.5,93.75,1781.25,1687.5,-0.9974322778476699,-0.5219174499260032,0
039_whistle.wav,/Users/nfot413/dolphin_project/data/segments/039_whistle.wav,192000,110976,0.578,0.0470413342118263,0.2002929747104644,0.0372221618890762,0.056219362745098,2185.1023169467,6083.590808505836,1406.25,937.5,93.75,1125.0,1031.25,-1.8274314683012935,0.1799871733986766,0
040_whistle.wav,/Users/nfot413/dolphin_project/data/segments/040_whistle.wav,192000,66048,0.344,0.0474608205258846,0.2910550236701965,0.0366504341363906,0.0509175145348837,1572.9288380212272,5298.537187029597,1406.25,843.75,93.75,1593.75,1500.0,-1.851786440998194,0.18863166067190495,0
041_whistle.wav,/Users/nfot413/dolphin_project/data/segments/041_whistle.wav,192000,213312,1.111,0.0385278798639774,0.3716239035129547,0.030489208176732,0.0579151665166516,2152.824984433292,6966.200810655835,1687.5,937.5,0.0,1593.75,1593.75,-1.656071219982623,-0.12330899503468995,0
042_multiple_whistle.wav,/Users/nfot413/dolphin_project/data/segments/042_multiple_whistle.wav,192000,158400,0.825,0.0433171465992927,0.2059083878993988,0.0344647355377674,0.0525568181818181,2138.998857982526,5938.143323400484,4312.5,1031.25,93.75,4687.5,4593.75,-1.661379491013836,-0.05734679401860291,0
043_whistle.wav,/Users/nfot413/dolphin_project/data/segments/043_whistle.wav,192000,83520,0.435,0.0471326671540737,0.2330393344163894,0.0371186397969722,0.0467792145593869,1522.059078297418,5182.415085860704,1218.75,1031.25,93.75,1781.25,1687.5,-1.9423663281112016,0.18321655370702938,0
044_whistle.wav,/Users/nfot413/dolphin_project/data/segments/044_whistle.wav,192000,69888,0.364,0.0539066269993782,0.4075441658496856,0.0405341498553752,0.0554744734432234,3039.1819263738134,8517.554450084106,1875.0,937.5,281.25,1781.25,1500.0,-1.36123021512421,0.16277131143273443,0
045_whistle.wav,/Users/nfot413/dolphin_project/data/segments/045_whistle.wav,192000,138432,0.721,0.0360346660017967,0.1581164002418518,0.0285271201282739,0.0674410540915395,2544.4214034014353,7551.366079590005,2343.75,937.5,0.0,1218.75,1218.75,-1.7075442260891036,-0.04257970391872471,0
046_multiple_whistle.wav,/Users/nfot413/dolphin_project/data/segments/046_multiple_whistle.wav,192000,158400,0.825,0.0447077453136444,0.347392201423645,0.0318721942603588,0.0592045454545454,1640.53949051482,5837.02786192629,1593.75,937.5,0.0,1781.25,1781.25,-1.713395583578604,0.0184418442812545,0
047_whistle.wav,/Users/nfot413/dolphin_project/data/segments/047_whistle.wav,192000,34944,0.182,0.0485619716346263,0.2229377180337906,0.0379550084471702,0.0453296703296703,1455.949376105971,5171.9427256706995,1406.25,1031.25,0.0,1593.75,1593.75,-1.9703155526057612,0.17881463402384815,0
048_whistle.wav,/Users/nfot413/dolphin_project/data/segments/048_whistle.wav,192000,48768,0.254,0.0418315567076206,0.1951353549957275,0.0327511616051197,0.0547080052493438,1594.7832573291637,5890.703216376882,1312.5,937.5,0.0,1593.75,1593.75,-1.9024518058284778,0.10424096322314863,0
049_whistle.wav,/Users/nfot413/dolphin_project/data/segments/049_whistle.wav,192000,53568,0.279,0.0417789965867996,0.1925107538700103,0.032887689769268,0.0556862305854241,1676.1768539252992,5855.6112276048025,1218.75,937.5,187.5,1218.75,1031.25,-1.8929659388438174,0.22333961414471404,0
050_whistle.wav,/Users/nfot413/dolphin_project/data/segments/050_whistle.wav,192000,152064,0.792,0.0428701899945735,0.2894375324249267,0.033475823700428,0.0508996212121212,1707.4858390429945,5717.919308055457,1687.5,937.5,0.0,1781.25,1781.25,-1.8524664593681477,0.007208909493355782,0
051_whistle.wav,/Users/nfot413/dolphin_project/data/segments/051_whistle.wav,192000,172032,0.896,0.0422291941940784,0.3042085170745849,0.0333888083696365,0.0576113746279761,2793.079274852962,8524.510507114546,1593.75,1031.25,93.75,1687.5,1593.75,-1.5509009953614872,-0.07194805091233317,0
052_multiple_whistle.wav,/Users/nfot413/dolphin_project/data/segments/052_multiple_whistle.wav,192000,168384,0.877,0.0405904650688171,0.2310556322336197,0.0320281721651554,0.0601719878373242,2092.691893217157,6885.424038966991,1593.75,937.5,0.0,1875.0,1875.0,-1.7357624023615013,-0.03434389783775305,0
053_multiple_whistle.wav,/Users/nfot413/dolphin_project/data/segments/053_multiple_whistle.wav,192000,993600,5.175,0.0446860007941722,0.6771752238273621,0.0335388779640197,0.0563607085346215,1677.74922045759,5963.887338840029,1406.25,937.5,0.0,1687.5,1687.5,-1.5484979168958677,-0.5765743726066104,0
054_whistle.wav,/Users/nfot413/dolphin_project/data/segments/054_whistle.wav,192000,281664,1.467,0.0364379473030567,0.2542496919631958,0.0286811217665672,0.0620349068393546,1856.852109680843,6923.434917898214,1312.5,750.0,0.0,1593.75,1593.75,-1.7760136765912642,-0.14035417921136317,0
055_whistle.wav,/Users/nfot413/dolphin_project/data/segments/055_whistle.wav,192000,133440,0.695,0.0439875274896621,0.377819150686264,0.0339700393378734,0.0520983213429256,1642.0819416005802,5850.429548697789,1687.5,937.5,93.75,2062.5,1968.75,-1.7234470782437543,0.0496706677493552,0
056_whistle.wav,/Users/nfot413/dolphin_project/data/segments/056_whistle.wav,192000,94656,0.493,0.0425069592893123,0.2212591916322708,0.0337585136294364,0.0524425287356321,1735.8933160204317,6314.724817458816,1125.0,937.5,93.75,1500.0,1406.25,-1.8687626127437464,0.10615537014547921,0
057_whistle.wav,/Users/nfot413/dolphin_project/data/segments/057_whistle.wav,192000,72192,0.376,0.0395890735089778,0.4101382493972778,0.0311894994229078,0.0579150044326241,2511.5358311779114,7972.391124283154,1593.75,843.75,93.75,1687.5,1593.75,-1.513036531339967,-0.03994822392164402,0
058_whistle.wav,/Users/nfot413/dolphin_project/data/segments/058_whistle.wav,192000,96000,0.5,0.0516652800142765,0.3820917308330536,0.0407529547810554,0.04278125,1556.393392125489,5140.956825419424,1593.75,937.5,187.5,1781.25,1593.75,-1.8085450393802338,0.2211549835922863,0
059_whistle.wav,/Users/nfot413/dolphin_project/data/segments/059_whistle.wav,192000,99840,0.52,0.0454460680484771,0.1814630627632141,0.0359363555908203,0.0494491185897435,1422.484907411132,5474.759352468571,1031.25,468.75,93.75,1593.75,1500.0,-2.004059479129048,0.1575421131665708,0
060_multiple_whistle.wav,/Users/nfot413/dolphin_project/data/segments/060_multiple_whistle.wav,192000,475008,2.474,0.0474443323910236,0.7499313354492188,0.0366531908512115,0.0538201461870115,2249.360426522329,7659.239602821693,1125.0,468.75,0.0,1125.0,1125.0,-1.3515347173949865,-0.3214152254828224,0
061_whistle.wav,/Users/nfot413/dolphin_project/data/segments/061_whistle.wav,192000,38016,0.198,0.0452358610928058,0.1832636445760727,0.0361462868750095,0.0472432659932659,1386.075278432732,5525.4513090618675,1031.25,562.5,93.75,1031.25,937.5,-2.0373390376165963,0.2084304186183196,0
062_multiple_whistle.wav,/Users/nfot413/dolphin_project/data/segments/062_multiple_whistle.wav,192000,230784,1.202,0.0488104075193405,0.8891872763633728,0.0375729277729988,0.055805428452579,3830.26792194801,9909.328242650476,1781.25,468.75,93.75,1125.0,1031.25,-0.9379547551549852,-0.26736003349313114,0
063_whistle.wav,/Users/nfot413/dolphin_project/data/segments/063_whistle.wav,192000,112128,0.584,0.05043750628829,0.3539841771125793,0.0390792563557624,0.0532962328767123,1738.3195667926452,5341.1258878737835,1687.5,937.5,93.75,1875.0,1781.25,-1.7221699329488045,0.1755558761044001,0
064_whistle.wav,/Users/nfot413/dolphin_project/data/segments/064_whistle.wav,192000,94272,0.491,0.0512016341090202,0.2258980125188827,0.0405539982020854,0.0438306177868296,1378.612675821703,4825.435125053143,1500.0,843.75,93.75,1781.25,1687.5,-1.9841723642745326,0.22346342571058753,0
065_whistle.wav,/Users/nfot413/dolphin_project/data/segments/065_whistle.wav,192000,74688,0.389,0.0412636399269104,0.1749626100063324,0.0329295732080936,0.0529536203941731,1878.8675084695528,6426.007483276743,1500.0,843.75,0.0,1687.5,1687.5,-1.8954320680045977,0.04559551324605251,0
066_whistle.wav,/Users/nfot413/dolphin_project/data/segments/066_whistle.wav,192000,190848,0.994,0.0473314933478832,0.4383678734302521,0.0358635820448398,0.0559922032193158,1770.5937105820244,6291.089950599885,1406.25,93.75,0.0,1687.5,1687.5,-1.665289194061573,-0.03557940302325583,0
067_whistle.wav,/Users/nfot413/dolphin_project/data/segments/067_whistle.wav,192000,81216,0.423,0.0462033413350582,0.312051773071289,0.0359961353242397,0.0590154649330181,2414.5575147019176,7418.128477844592,1687.5,1031.25,93.75,1781.25,1687.5,-1.5693246971176649,0.08292828826536938,0
068_whistle.wav,/Users/nfot413/dolphin_project/data/segments/068_whistle.wav,192000,114624,0.597,0.0422705151140689,0.6551408171653748,0.0321400798857212,0.0628489670575097,2727.528230755994,7564.461904519882,3656.25,843.75,0.0,3750.0,3750.0,-1.1157925299659512,-0.21389718097323002,0
069_whistle.wav,/Users/nfot413/dolphin_project/data/segments/069_whistle.wav,192000,44352,0.231,0.0807994976639747,0.9941709637641908,0.0470529049634933,0.0756222943722943,22950.60128531613,21465.973765371054,46218.75,4406.25,93.75,45468.75,45375.0,4.362327024538544,-2.7115235964895206,1
070_whistle.wav,/Users/nfot413/dolphin_project/data/segments/070_whistle.wav,192000,173184,0.902,0.1137642860412597,0.9960936307907104,0.0592340789735317,0.0652369733924611,14929.850883663525,13303.44655089053,23812.5,937.5,0.0,24000.0,24000.0,1.8481615612552382,-1.1983397800716136,1
071_whistle.wav,/Users/nfot413/dolphin_project/data/segments/071_whistle.wav,192000,80448,0.419,0.0441539920866489,0.3198339939117431,0.0349739082157611,0.0554022474144789,1775.9954084643718,5981.5254535191925,1406.25,656.25,93.75,1125.0,1031.25,-1.782438019545089,0.13857960660360286,0
072_whistle.wav,/Users/nfot413/dolphin_project/data/segments/072_whistle.wav,192000,22464,0.117,0.0439423695206642,0.1522568464279174,0.0355031751096248,0.0481659544159544,1597.618947661709,5750.15984557866,1406.25,562.5,93.75,1593.75,1500.0,-2.002934044247701,0.17900961360520737,0
073_whistle.wav,/Users/nfot413/dolphin_project/data/segments/073_whistle.wav,192000,22464,0.117,0.0444180816411972,0.1679433584213256,0.0353241525590419,0.0551103988603988,2217.4695531810303,6640.070925827165,2531.25,750.0,93.75,1687.5,1593.75,-1.7965644424844482,0.14453487082417377,0
074_whistle.wav,/Users/nfot413/dolphin_project/data/segments/074_whistle.wav,192000,62400,0.325,0.0505011901259422,0.3715323209762573,0.0395103134214878,0.0529326923076923,2287.2083523302476,6981.610351795897,1500.0,562.5,0.0,1125.0,1125.0,-1.650192021936001,0.08586519621069794,0
075_whistle.wav,/Users/nfot413/dolphin_project/data/segments/075_whistle.wav,192000,141504,0.737,0.154073566198349,0.9979857802391052,0.0594292618334293,0.0535885911352329,13694.955539133083,19159.69618184887,33093.75,93.75,0.0,375.0,375.0,1.2032980096332349,-0.5629438188257889,1
076_whistle.wav,/Users/nfot413/dolphin_project/data/segments/076_whistle.wav,192000,112320,0.585,0.0521852895617485,0.5786614418029785,0.0394580066204071,0.0627403846153846,5034.114954915733,10827.79497556306,4968.75,937.5,0.0,5062.5,5062.5,-0.7297443554739536,-0.3369243112315621,0
077_whistle.wav,/Users/nfot413/dolphin_project/data/segments/077_whistle.wav,192000,109824,0.572,0.1576546877622604,0.9951170086860656,0.0689546912908554,0.0617715617715617,10179.707083314232,17522.03370968444,26812.5,93.75,0.0,375.0,375.0,0.953443792462972,-0.19249510743032083,1
078_whistle.wav,/Users/nfot413/dolphin_project/data/segments/078_whistle.wav,192000,99648,0.519,0.1130177229642868,0.9950254559516908,0.022678904235363,0.0276874598587026,5258.859203366345,14391.28707553092,3000.0,93.75,0.0,375.0,375.0,-0.6668028103192393,-0.4382168023108294,0
079_whistle.wav,/Users/nfot413/dolphin_project/data/segments/079_whistle.wav,192000,54912,0.286,0.1839076727628708,0.9964598417282104,0.0944442600011825,0.095388986013986,19553.42519562001,16212.68900416492,35718.75,6656.25,281.25,34312.5,34031.25,4.030354045380027,-0.7407390278290725,1
080_whistle.wav,/Users/nfot413/dolphin_project/data/segments/080_whistle.wav,192000,107136,0.558,0.2918391823768616,1.0,0.1501360088586807,0.1365367383512545,28035.284088580316,22081.618308167184,46781.25,93.75,0.0,562.5,562.5,4.009796202484238,0.6699700583424104,1
081_whistle.wav,/Users/nfot413/dolphin_project/data/segments/081_whistle.wav,192000,94656,0.493,0.0476371236145496,0.317178875207901,0.0375504270195961,0.0532982589587559,1777.0447601589551,5687.6167755905235,1406.25,750.0,0.0,1687.5,1687.5,-1.7819445974140702,0.10488728595362931,0
082_whistle.wav,/Users/nfot413/dolphin_project/data/segments/082_whistle.wav,192000,60366,0.31440625,0.0510704703629016,0.2285836338996887,0.0402790494263172,0.0481562468939469,1549.7331954259623,5352.55447006694,1406.25,562.5,0.0,1687.5,1687.5,-1.9272596500669446,0.17702741405736294,0
083_whistle.wav,/Users/nfot413/dolphin_project/data/segments/083_whistle.wav,192000,41664,0.217,0.0451921597123146,0.1707510650157928,0.0363090373575687,0.0469950076804915,1358.3191421952272,5357.170092679843,1031.25,468.75,93.75,1125.0,1031.25,-2.063016944015906,0.21074881576129284,0
084_whistle.wav,/Users/nfot413/dolphin_project/data/segments/084_whistle.wav,192000,160944,0.83825,0.2651571929454803,0.9988707900047302,0.2070176601409912,0.1224463167312854,13929.965014422398,11415.203375712406,21562.5,9843.75,843.75,21937.5,21093.75,3.839826185821561,2.0048507077999504,2
085_whistle.wav,/Users/nfot413/dolphin_project/data/segments/085_whistle.wav,192000,251840,1.3116666666666668,0.0560856461524963,0.3848994374275207,0.0435857623815536,0.0548641994917407,2539.1245983774625,5666.659133575198,4406.25,937.5,0.0,10875.0,10875.0,-1.124690277272841,-0.2797662118299444,0
086_whistle.wav,/Users/nfot413/dolphin_project/data/segments/086_whistle.wav,192000,36096,0.188,0.1125509515404701,0.9941709637641908,0.0530836544930934,0.0656028368794326,14104.42512235745,16381.889828433626,24093.75,843.75,93.75,19218.75,19125.0,1.7719770137774347,-1.0747719185366404,1
087_whistle.wav,/Users/nfot413/dolphin_project/data/segments/087_whistle.wav,192000,125760,0.655,0.0393387340009212,0.6277962327003479,0.0218615494668483,0.0403625954198473,2858.2197618253176,6417.332502016121,2156.25,1031.25,468.75,1687.5,1218.75,-1.560329991260079,-0.015670780611071775,0
088_whistle.wav,/Users/nfot413/dolphin_project/data/segments/088_whistle.wav,192000,140928,0.734,0.0704275891184806,0.9952086210250854,0.0412339605391025,0.0847524977293369,19651.998969999513,16808.68772778782,42281.25,468.75,0.0,24750.0,24750.0,2.6633315884105357,-1.9536725128186414,1
089_whistle.wav,/Users/nfot413/dolphin_project/data/segments/089_whistle.wav,192000,117312,0.611,0.2110940814018249,0.9960325956344604,0.1461538821458816,0.1168081696672122,12180.224871988208,7962.649178498654,21093.75,10687.5,3937.5,21562.5,17625.0,3.4251906446560705,3.1473337172714775,2
090_whistle.wav,/Users/nfot413/dolphin_project/data/segments/090_whistle.wav,192000,84864,0.442,0.4159017205238342,0.999908447265625,0.2695692181587219,0.1319523001508295,13842.65970127512,11643.235878234682,24187.5,93.75,0.0,25500.0,25500.0,4.339118779211302,2.39576907223686,2
091_whistle.wav,/Users/nfot413/dolphin_project/data/segments/091_whistle.wav,192000,27446,0.1429479166666666,0.0682257264852523,0.3838007748126983,0.0469340644776821,0.058915688989288,2607.8641196910035,6531.983756205837,4312.5,843.75,281.25,1031.25,750.0,-1.3909087041549977,0.4263353159676171,0
092_whistle.wav,/Users/nfot413/dolphin_project/data/segments/092_whistle.wav,192000,31168,0.1623333333333333,0.0443221144378185,0.1818903237581253,0.0347727909684181,0.0539014373716632,1749.062403573883,5784.806628681636,1312.5,937.5,93.75,1406.25,1312.5,-1.9020307357903934,0.20307679090004602,0
093_whistle.wav,/Users/nfot413/dolphin_project/data/segments/093_whistle.wav,192000,31792,0.1655833333333333,0.0395824573934078,0.1615039557218551,0.0310239326208829,0.0587254655259184,1879.1341019801455,6307.377707260832,1500.0,468.75,93.75,7781.25,7687.5,-1.581601652211226,-0.0973326202762699,0
094_whistle.wav,/Users/nfot413/dolphin_project/data/segments/094_whistle.wav,192000,17472,0.091,0.0393831431865692,0.1508835107088089,0.0317259021103382,0.0545444139194139,2239.829007588955,6442.000636567796,1875.0,1406.25,93.75,7781.25,7687.5,-1.5477422166075012,-0.085649019303174,0
095_whistle.wav,/Users/nfot413/dolphin_project/data/segments/095_whistle.wav,192000,33662,0.1753229166666666,0.093693733215332,0.9942319989204408,0.0451995730400085,0.073168558017943,19291.017178989612,16680.540212042477,36375.0,1031.25,93.75,41343.75,41250.0,3.332556687962705,-2.2371732542031073,1
096_whistle.wav,/Users/nfot413/dolphin_project/data/segments/096_whistle.wav,192000,93504,0.487,0.1648394167423248,0.9970701932907104,0.1002877801656723,0.0627780629705681,4629.84535536414,8837.236599145142,8625.0,656.25,562.5,843.75,281.25,0.07320153886372506,1.137537443984353,0
097_whistle.wav,/Users/nfot413/dolphin_project/data/segments/097_whistle.wav,192000,22272,0.116,0.0916262194514274,0.9172643423080444,0.0602708309888839,0.0629489942528735,8567.200693130813,10342.772459936325,15843.75,937.5,187.5,9562.5,9375.0,0.4067389182639156,-0.22319442928053287,0
098_whistle.wav,/Users/nfot413/dolphin_project/data/segments/098_whistle.wav,192000,29298,0.15259375,0.0487804673612117,0.5928220748901367,0.0384604632854461,0.0519489384940951,2443.2502958512673,7165.542547884499,1875.0,1031.25,187.5,1218.75,1031.25,-1.3909670280097914,0.13281134137887438,0
099_whistle.wav,/Users/nfot413/dolphin_project/data/segments/099_whistle.wav,192000,14976,0.078,0.0491606965661048,0.1695303171873092,0.0393448434770107,0.0442040598290598,1629.73757703803,5476.863761544295,1125.0,1031.25,93.75,1218.75,1125.0,-2.0076493333927163,0.26366131303460616,0
100_whistle.wav,/Users/nfot413/dolphin_project/data/segments/100_whistle.wav,192000,26304,0.137,0.0477586090564727,0.1819513589143753,0.0379759557545185,0.0489659367396593,1821.4101619937187,5462.664880101276,1781.25,750.0,93.75,1781.25,1687.5,-1.9256384801628854,0.21622914795691203,0
101_whistle.wav,/Users/nfot413/dolphin_project/data/segments/101_whistle.wav,192000,43008,0.224,0.1854435056447982,0.9971618056297302,0.0976857244968414,0.1607142857142857,26981.342470647145,16461.655118450806,43500.0,23156.25,187.5,46500.0,46312.5,6.696789226089331,-0.5984534278348493,1
102_whistle.wav,/Users/nfot413/dolphin_project/data/segments/102_whistle.wav,192000,127104,0.662,0.0924068465828895,0.999969482421875,0.0458592288196086,0.0796119712990936,26649.339678774257,21194.222083393543,45187.5,843.75,0.0,43968.75,43968.75,4.275657388758407,-2.8702190613227327,1
103_whistle.wav,/Users/nfot413/dolphin_project/data/segments/103_whistle.wav,192000,76224,0.397,0.2681341767311096,0.9987487196922302,0.1714160591363906,0.1283060453400503,20294.76822970723,17153.010422532003,41437.5,8062.5,750.0,17531.25,16781.25,4.515042598464795,1.2296414940081186,2
104_whistle.wav,/Users/nfot413/dolphin_project/data/segments/104_whistle.wav,192000,76032,0.396,0.3701740205287933,1.0,0.2592018246650696,0.1402304292929292,19746.953014087852,15905.26027564199,31875.0,8625.0,187.5,25500.0,25312.5,5.388188643956241,2.1212450889519086,2
105_whistle.wav,/Users/nfot413/dolphin_project/data/segments/105_whistle.wav,192000,74880,0.39,0.1297297179698944,1.0,0.0598842538893222,0.0861645299145299,13661.697244297786,16086.39039784362,24656.25,937.5,281.25,24187.5,23906.25,2.310667396416467,-0.9266589402347025,1
106_whistle.wav,/Users/nfot413/dolphin_project/data/segments/106_whistle.wav,192000,46080,0.24,0.2351638674736023,0.9957884550094604,0.1766006499528885,0.0359375,2708.627491584896,5742.494814019865,1406.25,1406.25,1312.5,1406.25,93.75,0.07651242513648265,2.708783834944565,0
107_whistle.wav,/Users/nfot413/dolphin_project/data/segments/107_whistle.wav,192000,90432,0.471,0.1225472763180732,1.0,0.0496935658156871,0.0990357395612172,29058.457090194937,18859.03268854587,46875.0,750.0,0.0,50437.5,50437.5,4.903640025352002,-2.7846389319403486,1
108_whistle.wav,/Users/nfot413/dolphin_project/data/segments/108_whistle.wav,192000,29184,0.152,0.1143809407949447,0.9981994032859802,0.0439685396850109,0.0977247807017543,33120.61526673789,19028.283015322933,49687.5,937.5,0.0,54375.0,54375.0,5.288676683264507,-3.0960552402773827,1
109_whistle.wav,/Users/nfot413/dolphin_project/data/segments/109_whistle.wav,192000,79168,0.4123333333333333,0.4859097301959991,0.9971312880516052,0.3760982155799866,0.0940657841552142,9153.907981917306,8950.291749758804,16968.75,7875.0,468.75,9375.0,8906.25,3.8032952393912827,4.866710142853531,2
110_whistle.wav,/Users/nfot413/dolphin_project/data/segments/110_whistle.wav,192000,68570,0.3571354166666666,0.3607311248779297,0.9981383681297302,0.2524159550666809,0.1653346944728015,23023.851748033176,16946.22429836505,42937.5,8250.0,3375.0,43968.75,40593.75,7.2478265369419965,2.9574144755808773,2
111_whistle.wav,/Users/nfot413/dolphin_project/data/segments/111_whistle.wav,192000,44951,0.2341197916666666,0.2670095264911651,1.0,0.1889589726924896,0.1067606949789771,13104.227031179142,10972.115981254396,22687.5,9000.0,6468.75,10218.75,3750.0,3.6021304068430227,5.333308560581169,2
112_whistle.wav,/Users/nfot413/dolphin_project/data/segments/112_whistle.wav,192000,81024,0.422,0.041405614465475,0.4478591382503509,0.0315473973751068,0.0728179304897314,6129.735095743367,13051.976701206057,9843.75,1031.25,93.75,2062.5,1968.75,-0.647559699100494,-0.3771459821224617,0
113_whistle.wav,/Users/nfot413/dolphin_project/data/segments/113_whistle.wav,192000,354048,1.844,0.0478240922093391,0.9939573407173156,0.0373901836574077,0.0540124502892263,2367.123335902314,6839.626783687102,3468.75,937.5,93.75,3843.75,3750.0,-0.936928590420567,-0.3155924513722806,0
114_whistle.wav,/Users/nfot413/dolphin_project/data/segments/114_whistle.wav,192000,151478,0.7889479166666666,0.050519686192274,0.2848597764968872,0.0392526723444461,0.0537305747369254,1846.3801510588955,5517.393708825346,1781.25,843.75,0.0,3656.25,3656.25,-1.6968515780549174,0.0418976245263547,0
115_whistle.wav,/Users/nfot413/dolphin_project/data/segments/115_whistle.wav,192000,102855,0.535703125,0.0501796677708625,0.2809534072875976,0.0385164879262447,0.0534150017014243,1967.5248004900177,5496.577701082478,1781.25,1031.25,93.75,1968.75,1875.0,-1.7577557662960341,0.17963967753872206,0
116_whistle.wav,/Users/nfot413/dolphin_project/data/segments/116_whistle.wav,192000,49344,0.257,0.0442171432077884,0.2483291178941726,0.034828171133995,0.0733219844357976,3650.966717059697,8308.546359722995,4968.75,750.0,0.0,4968.75,4968.75,-1.1801680368133376,-0.11499271991966051,0
117_whistle.wav,/Users/nfot413/dolphin_project/data/segments/117_whistle.wav,192000,88518,0.46103125,0.5461972951889038,0.9988402724266052,0.4347434639930725,0.1455184256309451,17662.192262391087,16571.290471406664,34687.5,7500.0,6187.5,9187.5,3000.0,6.596889633337884,8.266326669392104,2
118_whistle.wav,/Users/nfot413/dolphin_project/data/segments/118_whistle.wav,192000,82284,0.4285625,0.5268135666847229,1.0,0.4176881909370422,0.1278134266686111,13576.951584015604,13273.839451466736,24281.25,9187.5,2812.5,24375.0,21562.5,6.1221901627523705,5.980336843412474,2
119_whistle.wav,/Users/nfot413/dolphin_project/data/segments/119_whistle.wav,192000,79680,0.415,0.1609287858009338,0.9979247450828552,0.0800499767065048,0.0962349397590361,17717.907251787146,17111.522200031057,33937.5,937.5,281.25,24562.5,24281.25,3.0599612980546826,-0.8099726517165006,1
120_whistle.wav,/Users/nfot413/dolphin_project/data/segments/120_whistle.wav,192000,24960,0.13,0.2850349247455597,0.9944761395454408,0.1925005465745926,0.09375,10155.924034761934,9490.293151990696,19593.75,6468.75,3468.75,8531.25,5062.5,2.710215832901333,3.9117470489981647,2
121_whistle.wav,/Users/nfot413/dolphin_project/data/segments/121_whistle.wav,192000,105892,0.5515208333333333,0.4218600392341614,1.0,0.2983551919460296,0.1588410833679598,24066.756755959286,18424.41734431805,43968.75,6656.25,6093.75,11062.5,4968.75,6.371205149275153,6.08979898899769,2
122_whistle.wav,/Users/nfot413/dolphin_project/data/segments/122_whistle.wav,192000,178282,0.9285520833333332,0.4150934219360351,1.0,0.2925215363502502,0.154956753906732,24518.392780935465,18103.852328523128,43593.75,6562.5,6093.75,45656.25,39562.5,7.914778177740451,4.716700049253463,2
123_whistle.wav,/Users/nfot413/dolphin_project/data/segments/123_whistle.wav,192000,56640,0.295,0.4522247612476349,0.9993896484375,0.3140856027603149,0.2128354519774011,26667.89902197473,17708.28202643957,42937.5,6656.25,375.0,34312.5,33937.5,7.630866853007631,2.6882777094815142,2
124_whistle.wav,/Users/nfot413/dolphin_project/data/segments/124_whistle.wav,192000,80448,0.419,0.352782130241394,1.0,0.2196665704250335,0.1839200477326969,27201.640675507628,16811.230319375056,39093.75,33093.75,281.25,45468.75,45187.5,8.440365011551433,1.7666268462579962,2
125_whistle.wav,/Users/nfot413/dolphin_project/data/segments/125_whistle.wav,192000,28032,0.146,0.1729044765233993,0.9954222440719604,0.1014272645115852,0.1872859589041096,19929.34703528705,14497.862636991596,35625.0,3937.5,93.75,46406.25,46312.5,5.295310396306432,-0.8659180740711871,1
126_whistle.wav,/Users/nfot413/dolphin_project/data/segments/126_whistle.wav,192000,122304,0.637,0.3974845707416534,0.999908447265625,0.2894631624221802,0.1894623233908948,23070.922583706193,17928.055496845638,42468.75,6750.0,93.75,34125.0,34031.25,6.907645408009655,2.0001679960109926,2
127_whistle.wav,/Users/nfot413/dolphin_project/data/segments/127_whistle.wav,192000,99665,0.5190885416666666,0.2490328550338745,1.0,0.1202071011066436,0.1362464255255104,21475.81087896482,16086.80572217482,32062.5,23531.25,0.0,25031.25,25031.25,5.211893423760902,0.6862166524674962,1
128_whistle.wav,/Users/nfot413/dolphin_project/data/segments/128_whistle.wav,192000,119808,0.624,0.1922311782836914,0.99908447265625,0.0907418206334114,0.1424612713675213,26480.022755358976,16924.319174808745,42468.75,3843.75,281.25,45375.0,45093.75,5.387905182272117,-1.3048046935959574,1
129_whistle.wav,/Users/nfot413/dolphin_project/data/segments/129_whistle.wav,192000,52992,0.276,0.1135336309671402,0.9943235516548156,0.0554590262472629,0.0835786533816425,17698.353058533023,11271.337491667622,26062.5,656.25,93.75,33093.75,33000.0,2.5107285465432643,-1.350102965704509,1
130_whistle.wav,/Users/nfot413/dolphin_project/data/segments/130_whistle.wav,192000,66048,0.344,0.1492234766483307,0.9973754286766052,0.0652067959308624,0.0914032218992248,26010.461894997217,18147.235546617987,38437.5,7031.25,93.75,35062.5,34968.75,4.236575339274771,-1.5457679842578067,1
131_whistle.wav,/Users/nfot413/dolphin_project/data/segments/131_whistle.wav,192000,34752,0.181,0.0662241354584693,0.9942930340766908,0.0378097034990787,0.0721397329650092,12959.399725902402,12698.99704064679,27375.0,6562.5,0.0,24375.0,24375.0,1.9670369343844065,-1.2889796169473549,1
132_whistle.wav,/Users/nfot413/dolphin_project/data/segments/132_whistle.wav,192000,67200,0.35,0.2424674034118652,0.9957884550094604,0.1544204205274582,0.0933928571428571,11414.180674974948,10326.092877684674,21281.25,6843.75,4218.75,9093.75,4875.0,2.6711311094794064,3.6731145104538134,2
133_whistle.wav,/Users/nfot413/dolphin_project/data/segments/133_whistle.wav,192000,82560,0.43,0.0904973223805427,1.0,0.0397546105086803,0.0704941860465116,18264.351113130902,17473.095503713266,30375.0,937.5,0.0,24937.5,24937.5,2.341604925191265,-1.7583633496221678,1
134_whistle.wav,/Users/nfot413/dolphin_project/data/segments/134_whistle.wav,192000,148992,0.776,0.0575455799698829,0.9963072538375854,0.0293402262032032,0.0727824312714776,16295.939548292894,18235.68454245371,42937.5,937.5,0.0,8343.75,8343.75,1.6454510044592,-1.5758566039524466,1
135_whistle.wav,/Users/nfot413/dolphin_project/data/segments/135_whistle.wav,192000,158208,0.824,0.183155819773674,0.9964293241500854,0.0697414949536323,0.0683909789644013,8125.133633366806,14647.5646343449,22781.25,93.75,0.0,281.25,281.25,0.7528582134430153,0.1521094320353796,0
136_whistle.wav,/Users/nfot413/dolphin_project/data/segments/136_whistle.wav,192000,284725,1.4829427083333333,0.1596201360225677,0.9987487196922302,0.0695845037698745,0.0875581701641935,20755.99899799733,18176.636698577884,42562.5,750.0,93.75,25125.0,25031.25,3.2774570179249123,-1.4065615662581785,1
137_whistle.wav,/Users/nfot413/dolphin_project/data/segments/137_whistle.wav,192000,86208,0.449,0.2944784760475158,0.9942930340766908,0.2076342403888702,0.0869756867112101,7536.602106005447,2223.8359585476273,7500.0,7500.0,7218.75,7593.75,375.0,2.3327880819203894,6.638139319487658,2
138_whistle.wav,/Users/nfot413/dolphin_project/data/segments/138_whistle.wav,192000,132288,0.689,0.0903596132993698,1.0,0.0496506579220294,0.0877932994678277,22272.88986905068,19574.363013091763,44906.25,375.0,93.75,34312.5,34218.75,3.6016334017334244,-2.2694770928347943,1
139_whistle.wav,/Users/nfot413/dolphin_project/data/segments/139_whistle.wav,192000,235200,1.225,0.1365313380956649,0.9951170086860656,0.061571542173624,0.087406462585034,12063.450464669926,14562.241328657205,24187.5,3562.5,656.25,4406.25,3750.0,1.396072829961028,0.13002346971770065,1
140_whistle.wav,/Users/nfot413/dolphin_project/data/segments/140_whistle.wav,192000,52032,0.271,0.1621229648590088,1.0,0.0679845586419105,0.0907326260762607,30143.702536078858,17828.201879013697,40500.0,32437.5,93.75,37500.0,37406.25,5.985094420644882,-0.791035344033398,1
141_whistle.wav,/Users/nfot413/dolphin_project/data/segments/141_whistle.wav,192000,29184,0.152,0.1014619767665863,0.9942014813423156,0.0452892147004604,0.0752809758771929,17861.880489329502,18434.85208284812,38531.25,3937.5,187.5,22781.25,22593.75,2.7550922684930965,-1.4505710622936712,1
142_whistle.wav,/Users/nfot413/dolphin_project/data/segments/142_whistle.wav,192000,46848,0.244,0.1654134392738342,0.9971007704734802,0.0805706083774566,0.1431224385245901,21250.63183640096,14866.720322349413,38531.25,10125.0,93.75,46968.75,46875.0,5.231355097743331,-1.1771740300834046,1
143_whistle.wav,/Users/nfot413/dolphin_project/data/segments/143_whistle.wav,192000,231552,1.206,0.2192084938287735,0.9996337890625,0.1259249001741409,0.0817440574903261,15556.170817223876,16194.917154119506,33093.75,3750.0,3562.5,3937.5,375.0,2.64126584459559,2.409303694346021,2
144_whistle.wav,/Users/nfot413/dolphin_project/data/segments/144_whistle.wav,192000,63744,0.332,0.2117790132761001,0.9958189725875854,0.1259462982416153,0.146476531124498,18097.986765825783,13885.524382806849,33562.5,6750.0,375.0,23531.25,23156.25,4.031900555170835,0.47780827971056655,1
145_whistle.wav,/Users/nfot413/dolphin_project/data/segments/145_whistle.wav,192000,108672,0.566,0.1068919897079467,0.9959410429000854,0.0456836447119712,0.085008097762073,23914.114556665776,17075.860970763802,34218.75,562.5,0.0,34125.0,34125.0,3.285540167412969,-2.0627181276303768,1
146_whistle.wav,/Users/nfot413/dolphin_project/data/segments/146_whistle.wav,192000,60288,0.314,0.1098014786839485,0.9960936307907104,0.0530714616179466,0.0662486730360934,25877.25377254161,21112.381590490528,45375.0,937.5,93.75,34031.25,33937.5,3.738556801727704,-2.316084173032934,1
147_whistle.wav,/Users/nfot413/dolphin_project/data/segments/147_whistle.wav,192000,46080,0.24,0.1232733130455017,1.0,0.0502694398164749,0.0865885416666666,25424.523524767865,19041.378971453418,41437.5,3562.5,0.0,45093.75,45093.75,4.4183673081032895,-2.392063082093137,1
148_whistle.wav,/Users/nfot413/dolphin_project/data/segments/148_whistle.wav,192000,68352,0.356,0.1114719435572624,0.999969482421875,0.0477035976946353,0.0813582631086142,23086.774385949728,16274.229966277058,34125.0,22875.0,93.75,34687.5,34593.75,4.441601257036854,-1.1887304683390232,1
149_multiple_whistle.wav,/Users/nfot413/dolphin_project/data/segments/149_multiple_whistle.wav,192000,342594,1.78434375,0.0875503718852996,0.999969482421875,0.044164054095745,0.0812185852641902,17888.742818110717,15269.399710151089,32812.5,937.5,0.0,34781.25,34781.25,2.802522427110811,-2.1217061296832873,1
150_whistle.wav,/Users/nfot413/dolphin_project/data/segments/150_whistle.wav,192000,106176,0.553,0.0421270802617073,0.3425702750682831,0.0317763574421405,0.0652501506931886,2098.237710775798,7041.5465019767535,1781.25,93.75,0.0,2062.5,2062.5,-1.5937017760255725,-0.03771893557191062,0
151_whistle.wav,/Users/nfot413/dolphin_project/data/segments/151_whistle.wav,192000,35520,0.185,0.0346511527895927,0.3999145627021789,0.0273861140012741,0.0682713963963964,3192.2719008662107,8584.734154984006,3843.75,468.75,93.75,1593.75,1500.0,-1.351878592814641,-0.10083428379283993,0
152_whistle.wav,/Users/nfot413/dolphin_project/data/segments/152_whistle.wav,192000,215465,1.1222135416666668,0.038075104355812,0.5973387956619263,0.0291307047009468,0.0669667927505627,3907.100219168359,9981.551590868468,3843.75,375.0,0.0,1781.25,1781.25,-1.084636817209977,-0.3705062194424596,0
153_whistle.wav,/Users/nfot413/dolphin_project/data/segments/153_whistle.wav,192000,40320,0.21,0.1264729797840118,0.9957884550094604,0.0662579536437988,0.0750248015873015,12596.17119837636,11486.89294870936,24281.25,6656.25,93.75,7687.5,7593.75,1.3810209595089034,-0.004949881005854935,1
154_whistle.wav,/Users/nfot413/dolphin_project/data/segments/154_whistle.wav,192000,127488,0.664,0.0565033294260501,0.9936216473579408,0.0426018722355365,0.0629784764056224,3504.4314507746085,7583.257236412681,10500.0,937.5,93.75,10968.75,10875.0,-0.17398006044085107,-0.4386193759975264,0
155_whistle.wav,/Users/nfot413/dolphin_project/data/segments/155_whistle.wav,192000,77376,0.403,0.0631136819720268,0.9955137968063354,0.0361135937273502,0.0672301488833747,12475.8558410255,16505.608727880975,23906.25,656.25,0.0,24468.75,24468.75,1.7103212543086064,-1.6877900871612228,1
156_whistle.wav,/Users/nfot413/dolphin_project/data/segments/156_whistle.wav,192000,27456,0.143,0.068831130862236,0.9967344999313354,0.0401152223348617,0.1218677156177156,21370.65966079162,16475.210336225777,32343.75,750.0,0.0,32625.0,32625.0,3.2775709979705923,-1.918353371873863,1
157_whistle.wav,/Users/nfot413/dolphin_project/data/segments/157_whistle.wav,192000,109632,0.571,0.1913316547870636,1.0,0.0876621007919311,0.1189160099241097,21499.75108208694,17022.37803137963,38343.75,6562.5,93.75,44062.5,43968.75,4.897446822070915,-1.253950937728589,1
158_whistle.wav,/Users/nfot413/dolphin_project/data/segments/158_whistle.wav,192000,82560,0.43,0.2057018131017685,0.9948423504829408,0.0860777124762535,0.0673691860465116,12892.19824582237,17996.404662771074,27937.5,93.75,0.0,375.0,375.0,1.418242344188841,0.13408283069378163,1
159_whistle.wav,/Users/nfot413/dolphin_project/data/segments/159_whistle.wav,192000,61056,0.318,0.1056360080838203,0.9958189725875854,0.0461394749581813,0.0815317085953878,22019.340002513407,16983.682235501474,35625.0,750.0,0.0,37875.0,37875.0,3.3878266798032435,-2.150810644819089,1
160_whistle.wav,/Users/nfot413/dolphin_project/data/segments/160_whistle.wav,192000,271680,1.415,0.055623386055231,0.9953612089157104,0.0352150201797485,0.0569567137809187,5619.550504095768,8410.586731945346,8343.75,937.5,0.0,7687.5,7687.5,-0.36219881950324745,-0.6129134973990452,0
161_whistle.wav,/Users/nfot413/dolphin_project/data/segments/161_whistle.wav,192000,339072,1.766,0.0932757183909416,0.9971618056297302,0.0465092919766902,0.0721026802567006,13639.902853944235,13786.98256461294,31687.5,6468.75,93.75,23812.5,23718.75,2.226247894289085,-1.319535793949634,1
162_whistle.wav,/Users/nfot413/dolphin_project/data/segments/162_whistle.wav,192000,61440,0.32,0.1725185066461563,1.0,0.0717853084206581,0.0894205729166666,28151.729628137353,18324.29376846127,36375.0,3562.5,93.75,35437.5,35343.75,4.2116076847353545,-1.5430433420403382,1
163_whistle.wav,/Users/nfot413/dolphin_project/data/segments/163_whistle.wav,192000,128064,0.667,0.2123386263847351,0.999969482421875,0.1157959252595901,0.1249297226386806,18691.66678008252,14477.885265867915,32812.5,6656.25,187.5,33843.75,33656.25,4.276148742885606,-0.24598331924636158,1
164_whistle.wav,/Users/nfot413/dolphin_project/data/segments/164_whistle.wav,192000,65280,0.34,0.1761191040277481,0.9983825087547302,0.0778815522789955,0.1312959558823529,30125.110524788754,17679.476625346368,47812.5,23718.75,93.75,52687.5,52593.75,6.896086083233145,-1.3763308825920646,1
165_whistle.wav,/Users/nfot413/dolphin_project/data/segments/165_whistle.wav,192000,118080,0.615,0.1132091432809829,0.9963072538375854,0.0509668476879596,0.0919037940379403,21949.33811776111,16709.57503948059,33937.5,3750.0,0.0,35531.25,35531.25,3.5274508495936576,-1.847567127885078,1
166_whistle.wav,/Users/nfot413/dolphin_project/data/segments/166_whistle.wav,192000,244032,1.271,0.2806442379951477,1.0,0.1518616676330566,0.1745058025177026,25631.09741582878,17971.29483860718,39750.0,2812.5,0.0,39000.0,39000.0,5.832572559926419,-0.2568526095874135,1
167_whistle.wav,/Users/nfot413/dolphin_project/data/segments/167_whistle.wav,192000,79827,0.415765625,0.0396656431257724,0.1981261670589447,0.0311079137027263,0.0598669623059867,1825.891738776886,6431.428430047826,1500.0,843.75,0.0,1500.0,1500.0,-1.8276322837883314,0.05178007062532166,0
168_whistle.wav,/Users/nfot413/dolphin_project/data/segments/168_whistle.wav,192000,119245,0.6210677083333334,0.0483991429209709,0.329783022403717,0.0379655435681343,0.0524969600402532,2204.591414645427,6125.937028642414,3468.75,750.0,93.75,1218.75,1125.0,-1.6995681461911487,0.10665411933052621,0
169_whistle.wav,/Users/nfot413/dolphin_project/data/segments/169_whistle.wav,192000,87027,0.453265625,0.0430449806153774,0.2256538569927215,0.0345565639436244,0.0488469095797855,1698.2316006929557,5806.648121343364,1500.0,750.0,93.75,1593.75,1500.0,-1.9254568853144696,0.11318636073690158,0
170_whistle.wav,/Users/nfot413/dolphin_project/data/segments/170_whistle.wav,192000,55680,0.29,0.0448314882814884,0.2529679238796234,0.0344459190964698,0.0525502873563218,1600.537595160624,5565.724694315586,1406.25,1031.25,93.75,1781.25,1687.5,-1.8494026149718108,0.16666603816910777,0
171_whistle.wav,/Users/nfot413/dolphin_project/data/segments/171_whistle.wav,192000,99072,0.516,0.0420340187847614,0.2148197889328003,0.03288134932518,0.0555353682170542,1786.7967403723885,6006.085067860306,1593.75,1031.25,0.0,1687.5,1687.5,-1.8506503293312728,0.061659202510428494,0
172_whistle.wav,/Users/nfot413/dolphin_project/data/segments/172_whistle.wav,192000,70848,0.369,0.0515676587820053,0.3043916225433349,0.0393107272684574,0.0481170957542908,1620.9429192272162,5083.263788710557,1781.25,1031.25,0.0,2062.5,2062.5,-1.8247745445533252,0.15553622952788965,0
173_whistle.wav,/Users/nfot413/dolphin_project/data/segments/173_whistle.wav,192000,53376,0.278,0.0378839038312435,0.1518906205892563,0.029807686805725,0.0613758992805755,1949.5617288226244,6930.6527371965185,1406.25,937.5,0.0,1406.25,1406.25,-1.8276767384458674,0.0485813197157463,0
174_whistle.wav,/Users/nfot413/dolphin_project/data/segments/174_whistle.wav,192000,29376,0.153,0.0361673422157764,0.125980406999588,0.0290818270295858,0.0581767429193899,1876.9143750959288,6839.932727857313,1312.5,843.75,93.75,1312.5,1218.75,-1.8996326018397804,0.09883632552484167,0
175_whistle.wav,/Users/nfot413/dolphin_project/data/segments/175_whistle.wav,192000,152640,0.795,0.0395919308066368,0.3041779696941376,0.0306479521095752,0.0604625262054507,1886.6969241021093,6787.777411675876,1593.75,375.0,93.75,1781.25,1687.5,-1.7134090024623814,-0.012455140388379363,0
176_whistle.wav,/Users/nfot413/dolphin_project/data/segments/176_whistle.wav,192000,175872,0.916,0.0439990274608135,0.9935606122016908,0.0345334745943546,0.0507187045123726,2065.5643372452305,7150.408727748733,1406.25,843.75,0.0,1593.75,1593.75,-1.1357116071492759,-0.22006762260999257,0
177_whistle.wav,/Users/nfot413/dolphin_project/data/segments/177_whistle.wav,192000,198528,1.034,0.0415986962616443,0.2486037760972976,0.0328074358403682,0.0547227595099935,1544.6875537510916,6271.123198780338,1031.25,656.25,0.0,1593.75,1593.75,-1.8751258001881004,-0.02401294134063728,0
178_whistle.wav,/Users/nfot413/dolphin_project/data/segments/178_whistle.wav,192000,185280,0.965,0.0490536987781524,0.5528733134269714,0.0381156653165817,0.0483376511226252,1552.6123791355983,5503.5933853958795,1218.75,656.25,0.0,1781.25,1781.25,-1.6516619131311654,-0.007424616186656301,0
179_whistle.wav,/Users/nfot413/dolphin_project/data/segments/179_whistle.wav,192000,24960,0.13,0.0375853925943374,0.1380657404661178,0.0302219055593013,0.0572916666666666,1859.0382082112085,6845.202690182134,1218.75,843.75,0.0,1125.0,1125.0,-1.9096256699715914,0.06833951289084239,0
180_whistle.wav,/Users/nfot413/dolphin_project/data/segments/180_whistle.wav,192000,91008,0.474,0.0382668040692806,0.4096499383449554,0.0302609447389841,0.057434511251758,2324.7635149339444,7250.609321012776,1781.25,843.75,0.0,1500.0,1500.0,-1.5957800898357497,-0.07821078701291612,0
181_whistle.wav,/Users/nfot413/dolphin_project/data/segments/181_whistle.wav,192000,167808,0.874,0.0332689881324768,0.1598864644765854,0.0265233628451824,0.069078947368421,2365.725886171303,7806.71700974224,1593.75,750.0,0.0,1593.75,1593.75,-1.711637164609543,-0.1033685602943401,0
182_whistle.wav,/Users/nfot413/dolphin_project/data/segments/182_whistle.wav,192000,157088,0.8181666666666667,0.0429009497165679,0.3582567870616913,0.0325386375188827,0.0579802403748217,1652.1433763028451,6333.80515997437,1218.75,93.75,0.0,1125.0,1125.0,-1.7745840645938253,-0.014276983762913368,0
183_whistle.wav,/Users/nfot413/dolphin_project/data/segments/183_whistle.wav,192000,24264,0.126375,0.0400989726185798,0.1321756690740585,0.0322717987000942,0.0516815034619188,1630.83760025651,5974.887971454295,1125.0,937.5,0.0,1125.0,1125.0,-2.0149569521389927,0.12267124836051971,0
184_whistle.wav,/Users/nfot413/dolphin_project/data/segments/184_whistle.wav,192000,33024,0.172,0.0404118150472641,0.2266914844512939,0.0314323231577873,0.0622577519379844,2012.8806443049575,6890.211891589344,1312.5,1031.25,0.0,1593.75,1593.75,-1.7211792887210815,0.07187062253880355,0
185_whistle.wav,/Users/nfot413/dolphin_project/data/segments/185_whistle.wav,192000,40128,0.209,0.0631514638662338,0.3489181101322174,0.0455735251307487,0.0462519936204146,1535.7516815007991,3837.926896951873,1781.25,937.5,187.5,2062.5,1875.0,-1.7977860193382154,0.4209898412887212,0
186_whistle.wav,/Users/nfot413/dolphin_project/data/segments/186_whistle.wav,192000,133440,0.695,0.0544075891375541,0.9941099286079408,0.0316328629851341,0.073208932853717,10156.174317085804,13216.265521633795,22687.5,375.0,0.0,8437.5,8437.5,0.6099395459276005,-1.0048734523324463,0
187_whistle.wav,/Users/nfot413/dolphin_project/data/segments/187_whistle.wav,192000,86208,0.449,0.1589183658361435,0.9967039823532104,0.0930749252438545,0.0832637342242019,11971.391880640373,10323.230386970405,22406.25,7031.25,6468.75,12000.0,5531.25,2.47200812406724,3.7959847748162248,2
188_whistle.wav,/Users/nfot413/dolphin_project/data/segments/188_whistle.wav,192000,69504,0.362,0.0962409749627113,0.9948728680610656,0.0539833754301071,0.0821535451197053,14591.63895698015,13515.65441850822,33843.75,6843.75,93.75,12187.5,12093.75,1.9407547912057397,-0.6326316981056197,1
189_whistle.wav,/Users/nfot413/dolphin_project/data/segments/189_whistle.wav,192000,80256,0.418,0.0396393239498138,0.2544328272342682,0.0305715184658765,0.0578523724082934,1942.0826207397563,6451.857210711085,1781.25,937.5,0.0,2062.5,2062.5,-1.7558730890799408,0.0016095535241832067,0
190_whistle.wav,/Users/nfot413/dolphin_project/data/segments/190_whistle.wav,192000,89664,0.467,0.1054398268461227,0.9970091581344604,0.0487653352320194,0.0926570306923626,24352.1595893328,18529.754948982616,43406.25,3656.25,93.75,45000.0,44906.25,4.383749923880087,-2.4087883766586478,1
191_whistle.wav,/Users/nfot413/dolphin_project/data/segments/191_whistle.wav,192000,370944,1.932,0.0369620434939861,0.2462538480758667,0.0292431693524122,0.063346488957902,2000.8906133837984,7340.01261410906,1500.0,375.0,0.0,1500.0,1500.0,-1.7666270429016542,-0.21381648535335485,0
192_multiple_whistle.wav,/Users/nfot413/dolphin_project/data/segments/192_multiple_whistle.wav,192000,693312,3.611,0.0767940059304237,0.999542236328125,0.0384967029094696,0.0798428413181944,22356.293377313785,19490.793758778174,39093.75,375.0,0.0,34125.0,34125.0,3.2036633727192725,-2.7909790037303326,1
193_whistle.wav,/Users/nfot413/dolphin_project/data/segments/193_whistle.wav,192000,174730,0.9100520833333332,0.091522142291069,0.9978331923484802,0.0411600247025489,0.0791449665197733,26623.42535914014,19683.690116266316,38906.25,750.0,0.0,37031.25,37031.25,3.6721401056571845,-2.563312136795026,1
194_whistle.wav,/Users/nfot413/dolphin_project/data/segments/194_whistle.wav,192000,49536,0.258,0.0592061653733253,0.8118839263916016,0.04447852820158,0.0613493217054263,6091.387896217971,11712.08331818132,17812.5,937.5,93.75,1593.75,1500.0,-0.254158653150848,-0.3109806728770362,0
195_whistle.wav,/Users/nfot413/dolphin_project/data/segments/195_whistle.wav,192000,229632,1.196,0.090859904885292,0.9975585341453552,0.0461908727884292,0.0538078316610925,15998.385752476426,17327.159195877113,24750.0,3562.5,93.75,24750.0,24656.25,2.0889625079864884,-1.604925795327732,1
196_whistle.wav,/Users/nfot413/dolphin_project/data/segments/196_whistle.wav,192000,34368,0.179,0.0493783839046955,0.3206579685211181,0.0392023362219333,0.0451873836126629,1628.7991286377287,5410.9817559050925,1218.75,937.5,93.75,1500.0,1406.25,-1.85770273937987,0.20979620479668473,0
197_whistle.wav,/Users/nfot413/dolphin_project/data/segments/197_whistle.wav,192000,184320,0.96,0.0520660057663917,0.312082290649414,0.0406060889363288,0.053271484375,1846.819941947269,6286.437524091378,1218.75,375.0,0.0,1218.75,1218.75,-1.778671728500438,0.07548957858381736,0
198_whistle.wav,/Users/nfot413/dolphin_project/data/segments/198_whistle.wav,192000,49536,0.258,0.0612933300435543,0.991210639476776,0.0424041710793972,0.0927608204134367,17797.096235114434,20770.75397895631,43218.75,843.75,93.75,1312.5,1218.75,1.8188444099577643,-1.1430454895065618,1
199_whistle.wav,/Users/nfot413/dolphin_project/data/segments/199_whistle.wav,192000,153600,0.8,0.0606839619576931,0.395580917596817,0.0474178008735179,0.0379166666666666,1188.0719694619047,4149.571713204634,1125.0,750.0,0.0,1500.0,1500.0,-1.9260592951816886,0.21965991144968774,0
200_whistle.wav,/Users/nfot413/dolphin_project/data/segments/200_whistle.wav,192000,132288,0.689,0.0609201826155185,0.2805566489696502,0.0486013852059841,0.0363449443638122,1231.1414789916375,4068.308834620928,1125.0,750.0,93.75,1593.75,1500.0,-2.0254199467105733,0.3140712982118478,0
201_whistle.wav,/Users/nfot413/dolphin_project/data/segments/201_whistle.wav,192000,100416,0.523,0.0485255345702171,0.3008209466934204,0.03755659237504,0.0475223072020395,1410.5999341381262,5102.804318520942,1593.75,375.0,0.0,1875.0,1875.0,-1.9120686648178689,0.09626149417791562,0
202_whistle.wav,/Users/nfot413/dolphin_project/data/segments/202_whistle.wav,192000,115776,0.603,0.0467489771544933,0.9944456219673156,0.0367262698709964,0.0471168463239358,2073.773495077019,7603.149559820943,1218.75,375.0,0.0,1218.75,1218.75,-1.165773395014218,-0.18731833742591408,0
203_whistle.wav,/Users/nfot413/dolphin_project/data/segments/203_whistle.wav,192000,224256,1.168,0.0550217404961586,0.3266701400279999,0.0435058660805225,0.0502327696917808,1746.0039980555696,5495.561478683297,1781.25,375.0,0.0,1218.75,1218.75,-1.81964322168176,0.10391447791855804,0
204_whistle.wav,/Users/nfot413/dolphin_project/data/segments/204_whistle.wav,192000,81600,0.425,0.0526756308972835,0.5459151268005371,0.041284292936325,0.0512745098039215,1808.7834122555337,6134.3600687554845,1125.0,562.5,0.0,1218.75,1218.75,-1.5737392141289508,0.10061370042900242,0
205_whistle.wav,/Users/nfot413/dolphin_project/data/segments/205_whistle.wav,192000,283056,1.47425,0.0527485497295856,0.4282967746257782,0.0416324250400066,0.0483084619297948,1519.3262232160448,5300.360314804992,1125.0,375.0,0.0,1500.0,1500.0,-1.793955438114895,0.019324325015872997,0
206_whistle.wav,/Users/nfot413/dolphin_project/data/segments/206_whistle.wav,192000,141464,0.7367916666666666,0.0488617196679115,0.4714194238185882,0.037518922239542,0.0542258101000961,1694.5508674954456,5869.715566207063,1406.25,468.75,0.0,1500.0,1500.0,-1.652642838167451,0.040837338239413344,0
207_whistle.wav,/Users/nfot413/dolphin_project/data/segments/207_whistle.wav,192000,59136,0.308,0.1596221029758453,0.9949949383735656,0.0796521306037902,0.0706676136363636,18512.568718184066,15612.305317240542,34031.25,7500.0,93.75,33843.75,33750.0,3.5137496809826336,-1.0837710057294012,1
208_whistle.wav,/Users/nfot413/dolphin_project/data/segments/208_whistle.wav,192000,168768,0.879,0.2347747236490249,0.99969482421875,0.1477145701646804,0.0555437049677664,17334.687582376915,17650.316451774568,33937.5,468.75,93.75,34781.25,34687.5,3.6182790613920086,-0.612372166113645,1
209_whistle.wav,/Users/nfot413/dolphin_project/data/segments/209_whistle.wav,192000,36480,0.19,0.1173588261008262,0.4240546822547912,0.0931921675801277,0.0237390350877193,875.1794477389014,2335.17201616567,1125.0,281.25,93.75,1125.0,1031.25,-1.8054911394342048,1.0213653665348728,0
210_whistle.wav,/Users/nfot413/dolphin_project/data/segments/210_whistle.wav,192000,136896,0.713,0.1113147661089897,0.4700155556201935,0.0879938602447509,0.0234046283309957,928.7150185306696,2413.646855169741,1218.75,375.0,93.75,1500.0,1406.25,-1.7907457706806453,0.857639626580144,0
211_whistle.wav,/Users/nfot413/dolphin_project/data/segments/211_whistle.wav,192000,438336,2.283,0.1120900139212608,0.8792382478713989,0.0890222862362861,0.0234888304862023,910.9736081789604,2486.64274899015,1031.25,375.0,93.75,1125.0,1031.25,-1.4733650367397932,0.6015126137422385,0
212_whistle.wav,/Users/nfot413/dolphin_project/data/segments/212_whistle.wav,192000,149952,0.781,0.1098121330142021,0.4407483041286468,0.0877832472324371,0.0278555804524114,1127.395256688494,2809.3890616587846,1218.75,468.75,93.75,1500.0,1406.25,-1.7413387157467712,0.8482601843497123,0
213_whistle.wav,/Users/nfot413/dolphin_project/data/segments/213_whistle.wav,192000,77952,0.406,0.1254738122224807,0.5601672530174255,0.0997120290994644,0.0209744458128078,901.5236419016228,2168.4893542362265,1125.0,375.0,187.5,1218.75,1031.25,-1.6517717413681539,1.104215771960795,0
214_whistle.wav,/Users/nfot413/dolphin_project/data/segments/214_whistle.wav,192000,135744,0.707,0.1231510564684867,0.556382954120636,0.0981480404734611,0.020597595473833,878.6622781772561,2328.2988175959576,1125.0,375.0,93.75,1218.75,1125.0,-1.6826574121638176,0.9853840201327204,0
215_whistle.wav,/Users/nfot413/dolphin_project/data/segments/215_whistle.wav,192000,140544,0.732,0.110789842903614,0.4862819314002991,0.0880163609981536,0.0262053164845173,1053.2727865039078,3747.5394391284863,1125.0,375.0,93.75,1218.75,1125.0,-1.6792322278272445,0.810636100930518,0
216_whistle.wav,/Users/nfot413/dolphin_project/data/segments/216_whistle.wav,192000,140544,0.732,0.1243970766663551,0.9951781034469604,0.0988858640193939,0.027678164845173,1772.9638248018314,6709.81985984813,1125.0,375.0,93.75,1125.0,1031.25,-0.9112504509222968,0.7144919585947233,0
217_whistle.wav,/Users/nfot413/dolphin_project/data/segments/217_whistle.wav,192000,66048,0.344,0.0596905499696731,0.234260082244873,0.047934528440237,0.0392744670542635,1295.746323006623,4739.265613991428,1125.0,468.75,0.0,1218.75,1218.75,-2.035305032399221,0.28906115795539394,0
218_whistle.wav,/Users/nfot413/dolphin_project/data/segments/218_whistle.wav,192000,42240,0.22,0.0662168562412262,0.2336497157812118,0.0526189096271991,0.0378077651515151,1212.6152961440982,4128.821689758739,1125.0,281.25,0.0,1218.75,1218.75,-2.056805644429388,0.391422222369128,0
219_whistle.wav,/Users/nfot413/dolphin_project/data/segments/219_whistle.wav,192000,41856,0.218,0.0613042898476123,0.2525101602077484,0.0480436570942401,0.0508887614678899,1528.9531083562813,5462.708899538839,1125.0,281.25,0.0,1125.0,1125.0,-1.85080161110812,0.3195746930869964,0
220_whistle.wav,/Users/nfot413/dolphin_project/data/segments/220_whistle.wav,192000,52032,0.271,0.07268837839365,0.2987762093544006,0.0573347508907318,0.0329604858548585,1144.483793612049,3628.0472402097894,1312.5,468.75,0.0,1687.5,1687.5,-2.0045544466796064,0.4313752542841085,0
221_whistle.wav,/Users/nfot413/dolphin_project/data/segments/221_whistle.wav,192000,88512,0.461,0.0689537450671196,0.7724539637565613,0.0531900711357593,0.0406837490961677,1898.192480366052,5794.14400140842,1500.0,375.0,0.0,1781.25,1781.25,-1.367795747414383,0.15994924826797702,0
222_whistle.wav,/Users/nfot413/dolphin_project/data/segments/222_whistle.wav,192000,97920,0.51,0.0620685070753097,0.3380840420722961,0.0491410829126834,0.0434640522875817,1514.5080253502588,4995.261770475893,1218.75,281.25,0.0,1125.0,1125.0,-1.8776527800632687,0.2655740312220522,0
223_whistle.wav,/Users/nfot413/dolphin_project/data/segments/223_whistle.wav,192000,110016,0.573,0.0644137784838676,0.5188452005386353,0.0508855655789375,0.0376672484002326,1448.9559747879248,4848.927558293109,1125.0,281.25,0.0,1312.5,1312.5,-1.7663962196303922,0.21941471271017413,0
224_whistle.wav,/Users/nfot413/dolphin_project/data/segments/224_whistle.wav,192000,160704,0.837,0.0705939084291458,0.9949033856391908,0.0525824539363384,0.0519713261648745,8929.369350056106,16536.344098023277,34875.0,281.25,0.0,1218.75,1218.75,0.5969316872356317,-0.8635143265016214,0
225_whistle.wav,/Users/nfot413/dolphin_project/data/segments/225_whistle.wav,192000,137280,0.715,0.0847526490688324,0.9971312880516052,0.0591770336031913,0.0633449883449883,15251.374600267549,19957.340410049823,42093.75,281.25,0.0,3656.25,3656.25,1.5466710934018317,-1.1256286789717986,1
226_whistle.wav,/Users/nfot413/dolphin_project/data/segments/226_whistle.wav,192000,94464,0.492,0.0644965842366218,0.334910124540329,0.0513033159077167,0.0370723238482384,1252.8074639973722,4496.86853924042,1125.0,281.25,0.0,1125.0,1125.0,-1.9722011770978158,0.29908817963048107,0
227_whistle.wav,/Users/nfot413/dolphin_project/data/segments/227_whistle.wav,192000,66240,0.345,0.0744179040193557,0.9940183758735656,0.0549842454493045,0.0549365942028985,6788.4385621876545,13281.511267920798,12750.0,375.0,0.0,1125.0,1125.0,-0.11529302340141938,-0.3098176496703642,0
228_whistle.wav,/Users/nfot413/dolphin_project/data/segments/228_whistle.wav,192000,100416,0.523,0.0699919983744621,0.972808003425598,0.0549048669636249,0.0383305449330783,2245.837999443409,6509.309001892821,2156.25,281.25,0.0,1500.0,1500.0,-1.1492868236826708,0.07643421062376748,0
229_whistle.wav,/Users/nfot413/dolphin_project/data/segments/229_whistle.wav,192000,125184,0.652,0.0626151487231254,0.2436597794294357,0.0495928674936294,0.0378962167689161,1187.4627145138209,4312.734249993387,1125.0,375.0,0.0,1218.75,1218.75,-2.067408238993074,0.2902396571504357,0
230_whistle.wav,/Users/nfot413/dolphin_project/data/segments/230_whistle.wav,192000,82560,0.43,0.0610749535262584,0.2847377061843872,0.0488281846046447,0.0478682170542635,1813.777771467392,5767.847949802658,1218.75,468.75,0.0,1312.5,1312.5,-1.8042956864655662,0.25827163707177075,0
231_whistle.wav,/Users/nfot413/dolphin_project/data/segments/231_whistle.wav,192000,86208,0.449,0.1172820851206779,0.9964293241500854,0.0641408488154411,0.0582080549368968,24390.404709657,21207.403323262144,44156.25,375.0,0.0,33937.5,33937.5,3.5935597425291297,-2.2636149396082854,1
232_whistle.wav,/Users/nfot413/dolphin_project/data/segments/232_whistle.wav,192000,54336,0.283,0.0666358545422554,0.2663045227527618,0.0533431097865104,0.0405624263839811,1428.127514126985,4770.183978738193,1312.5,375.0,0.0,1593.75,1593.75,-1.9211978255444924,0.35130236046677027,0
233_whistle.wav,/Users/nfot413/dolphin_project/data/segments/233_whistle.wav,192000,149815,0.7802864583333333,0.0676104873418808,0.9893490672111512,0.0495486818253994,0.0614691452791776,6532.886780468759,11746.459107290177,20812.5,375.0,0.0,3468.75,3468.75,0.07916198359896914,-0.5110142890402022,0
234_whistle.wav,/Users/nfot413/dolphin_project/data/segments/234_whistle.wav,192000,94520,0.4922916666666667,0.0590370185673236,0.6854457259178162,0.0466102510690689,0.0414515446466356,1566.5596206198068,5156.404262061596,1125.0,375.0,0.0,1218.75,1218.75,-1.5874576380820995,0.1356397782936037,0
235_whistle.wav,/Users/nfot413/dolphin_project/data/segments/235_whistle.wav,192000,92160,0.48,0.0660406053066253,0.2901394665241241,0.0526779666543006,0.0356662326388888,1274.6483035737317,3903.125955863658,1218.75,375.0,0.0,1218.75,1218.75,-2.038912696689775,0.3485215107040132,0
236_whistle.wav,/Users/nfot413/dolphin_project/data/segments/236_whistle.wav,192000,89856,0.468,0.0761356949806213,0.4051637351512909,0.0603641495108604,0.0361578525641025,1399.2136777950088,4057.790300442406,1500.0,375.0,0.0,1593.75,1593.75,-1.8253395158072956,0.4135423340956902,0
237_whistle.wav,/Users/nfot413/dolphin_project/data/segments/237_whistle.wav,192000,168709,0.8786927083333333,0.0667194128036499,0.4164860844612121,0.053077582269907,0.040466128066671,1688.5903819984658,5199.604872756603,1593.75,375.0,0.0,1218.75,1218.75,-1.7778354114622557,0.22905410929235365,0
238_whistle.wav,/Users/nfot413/dolphin_project/data/segments/238_whistle.wav,192000,68544,0.357,0.0907606780529022,0.9945982098579408,0.0638046637177467,0.0606034080298786,13024.311293096618,18932.653146913457,41250.0,937.5,0.0,3656.25,3656.25,1.4250516328357448,-0.9035453061950959,1
239_whistle.wav,/Users/nfot413/dolphin_project/data/segments/239_whistle.wav,192000,95616,0.498,0.1108884140849113,0.9967039823532104,0.0683398991823196,0.0710655120481927,18016.95024536381,18041.174680993336,36093.75,375.0,0.0,3843.75,3843.75,1.641699600049418,-0.7709202041375215,1
240_whistle.wav,/Users/nfot413/dolphin_project/data/segments/240_whistle.wav,192000,127488,0.664,0.0995949879288673,0.9985961318016052,0.064535953104496,0.042003953313253,12838.73642136219,16512.70218896596,32343.75,375.0,0.0,3843.75,3843.75,0.8889798175460072,-0.7888984099221455,1
241_whistle.wav,/Users/nfot413/dolphin_project/data/segments/241_whistle.wav,192000,248064,1.292,0.1031950116157531,0.999237060546875,0.0628477185964584,0.0634957107843137,16918.781621951643,16983.984722340283,33375.0,375.0,0.0,24750.0,24750.0,2.3256528345098513,-1.6295564262387805,1
242_whistle.wav,/Users/nfot413/dolphin_project/data/segments/242_whistle.wav,192000,160512,0.836,0.059718731790781,0.3411358892917633,0.0473695769906044,0.0438845693779904,1416.0013821500806,4909.203710557305,1312.5,375.0,0.0,1218.75,1218.75,-1.891789615490697,0.20598724613328312,0
243_whistle.wav,/Users/nfot413/dolphin_project/data/segments/243_whistle.wav,192000,114624,0.597,0.1414356976747512,1.0,0.0752678140997886,0.0563058347292015,26554.3306457518,21330.293989322527,47531.25,375.0,0.0,35062.5,35062.5,3.929783345302639,-2.2083471868217277,1
244_whistle.wav,/Users/nfot413/dolphin_project/data/segments/244_whistle.wav,192000,187968,0.979,0.083600141108036,0.9954832792282104,0.0592034943401813,0.047247403813415,8575.515364921499,13899.758321590376,24656.25,375.0,0.0,4125.0,4125.0,0.36014130142406847,-0.6444417848039038,0
245_whistle.wav,/Users/nfot413/dolphin_project/data/segments/245_whistle.wav,192000,75648,0.394,0.0895138382911682,0.9973143935203552,0.0531318485736846,0.0562341370558375,17322.07521044649,19003.7526169838,40312.5,468.75,0.0,23250.0,23250.0,2.410747013619783,-1.8211674023474291,1
246_whistle.wav,/Users/nfot413/dolphin_project/data/segments/246_whistle.wav,192000,94464,0.492,0.0909349545836448,0.9955748319625854,0.0532351285219192,0.0639291158536585,21390.098238695395,20438.393930248265,34781.25,187.5,0.0,34593.75,34593.75,3.1552730308563643,-2.290811312525384,1
247_whistle.wav,/Users/nfot413/dolphin_project/data/segments/247_whistle.wav,192000,107520,0.56,0.1859283298254013,0.999847412109375,0.0952333882451057,0.1185825892857142,22192.09263784533,15557.85973791265,34968.75,23718.75,0.0,34687.5,34687.5,5.244372426832757,-0.2710661771556234,1
248_whistle.wav,/Users/nfot413/dolphin_project/data/segments/248_whistle.wav,192000,413376,2.153,0.0997177064418792,0.9984130263328552,0.0596389211714267,0.0630104311812974,20542.056431039087,19666.35134787294,42281.25,562.5,0.0,1500.0,1500.0,1.6850440115410297,-1.235675589660185,1
249_whistle.wav,/Users/nfot413/dolphin_project/data/segments/249_whistle.wav,192000,91968,0.479,0.2563062608242035,0.9959105253219604,0.1850207298994064,0.0889766005567153,9208.290802327052,4626.971957594513,10312.5,8531.25,281.25,20062.5,19781.25,2.2974565092443218,1.913291904910764,2
250_whistle.wav,/Users/nfot413/dolphin_project/data/segments/250_whistle.wav,192000,137088,0.714,0.108076088130474,0.9962462186813354,0.0660643056035041,0.0463862628384687,17015.85209406832,20086.56019505636,36375.0,375.0,0.0,33468.75,33468.75,2.864820370081336,-2.069545157095066,1
251_whistle.wav,/Users/nfot413/dolphin_project/data/segments/251_whistle.wav,192000,72192,0.376,0.1218465268611908,0.9965819120407104,0.0681668296456337,0.0741633421985815,24065.2451225042,20104.43341957726,43125.0,468.75,0.0,43968.75,43968.75,4.174229758713302,-2.4161677594967474,1
252_whistle.wav,/Users/nfot413/dolphin_project/data/segments/252_whistle.wav,192000,237888,1.239,0.1013311445713043,0.9963988065719604,0.0634538903832435,0.065896556362658,15735.86308414906,16964.96020413929,33937.5,375.0,0.0,24187.5,24187.5,2.2795438580995993,-1.5767675127585459,1
253_whistle.wav,/Users/nfot413/dolphin_project/data/segments/253_whistle.wav,192000,96960,0.505,0.1298069208860397,0.9960020780563354,0.0867478474974632,0.0762376237623762,18726.037279136483,20002.90988685373,43125.0,8906.25,0.0,33656.25,33656.25,4.026700979720714,-1.4623538008105403,1
254_whistle.wav,/Users/nfot413/dolphin_project/data/segments/254_whistle.wav,192000,114432,0.596,0.0644495263695716,0.2459486722946167,0.0515925176441669,0.0355058025727069,1187.4412625477653,4009.891504650191,1312.5,375.0,0.0,1500.0,1500.0,-2.074819678613379,0.31315918237019197,0
255_whistle.wav,/Users/nfot413/dolphin_project/data/segments/255_whistle.wav,192000,67392,0.351,0.0640927925705909,0.2626422941684723,0.0512621887028217,0.0323777302943969,1085.7341965800624,3951.646785383633,1218.75,375.0,0.0,1593.75,1593.75,-2.094042232384308,0.3227331777909709,0
256_whistle.wav,/Users/nfot413/dolphin_project/data/segments/256_whistle.wav,192000,48384,0.252,0.0653855949640274,0.2506790459156036,0.0524485595524311,0.0347222222222222,1144.1658518362117,3867.2352754550234,1218.75,281.25,0.0,1593.75,1593.75,-2.076435138624814,0.3633855233139496,0
257_whistle.wav,/Users/nfot413/dolphin_project/data/segments/257_whistle.wav,192000,83904,0.437,0.0620135329663753,0.412945955991745,0.0496896989643573,0.037340293668955,1426.5568245192778,5077.655639908012,1312.5,562.5,0.0,1593.75,1593.75,-1.8289132804557975,0.2243725296342178,0
258_whistle.wav,/Users/nfot413/dolphin_project/data/segments/258_whistle.wav,192000,115776,0.603,0.0563358515501022,0.4522843062877655,0.0446412153542041,0.0433336788280818,1570.090794755495,5124.20391138292,1500.0,1031.25,0.0,1781.25,1781.25,-1.7284895940825968,0.1533843775311234,0
259_whistle.wav,/Users/nfot413/dolphin_project/data/segments/259_whistle.wav,192000,472512,2.461,0.0584097430109977,0.5518051981925964,0.0456731617450714,0.0498886800758499,2241.032406588383,7235.292515429032,1593.75,937.5,0.0,1781.25,1781.25,-1.453934166076955,-0.15628488159423065,0
260_whistle.wav,/Users/nfot413/dolphin_project/data/segments/260_whistle.wav,192000,217344,1.132,0.0564055442810058,0.3244727849960327,0.0447849035263061,0.0489960615429917,1791.7314918525806,5665.42403738628,1500.0,1031.25,0.0,1593.75,1593.75,-1.7640866711498449,0.12389222312886783,0
261_whistle.wav,/Users/nfot413/dolphin_project/data/segments/261_whistle.wav,192000,31488,0.164,0.0599251426756382,0.2198553383350372,0.0481010302901268,0.0356326219512195,1211.1631958898329,4126.550596857998,1312.5,843.75,0.0,1687.5,1687.5,-2.073514946884593,0.32315791451125553,0
262_whistle.wav,/Users/nfot413/dolphin_project/data/segments/262_whistle.wav,192000,49152,0.256,0.0624210089445114,0.2430494129657745,0.0501908473670482,0.0338541666666666,1147.2809038861783,4010.6609665456263,1125.0,468.75,93.75,1500.0,1406.25,-2.0890953070672076,0.3825447498892731,0
263_whistle.wav,/Users/nfot413/dolphin_project/data/segments/263_whistle.wav,192000,59136,0.308,0.0587084516882896,0.2507400810718536,0.0461346767842769,0.0418526785714285,1351.1921944514709,4318.123979065129,1500.0,375.0,0.0,1968.75,1968.75,-1.987602534529264,0.26438029207276315,0
264_whistle.wav,/Users/nfot413/dolphin_project/data/segments/264_whistle.wav,192000,57984,0.302,0.0519511960446834,0.2019104659557342,0.0414367951452732,0.0438914183222958,1270.737050416422,4748.0535641762835,1312.5,375.0,0.0,1500.0,1500.0,-2.0567243412851384,0.2142104756619178,0
265_whistle.wav,/Users/nfot413/dolphin_project/data/segments/265_whistle.wav,192000,283392,1.476,0.0602278783917427,0.3561815321445465,0.0473074577748775,0.0397505928184281,1274.1487337760643,4145.460463829565,1406.25,375.0,0.0,1687.5,1687.5,-1.9631607693955815,0.12893730904769787,0
266_whistle.wav,/Users/nfot413/dolphin_project/data/segments/266_whistle.wav,192000,81408,0.424,0.0572708286345005,0.2111270427703857,0.0458649806678295,0.0362003734276729,1118.441448806808,4254.579723745041,1125.0,375.0,93.75,1312.5,1218.75,-2.133679143395828,0.3118269278644248,0
267_whistle.wav,/Users/nfot413/dolphin_project/data/segments/267_whistle.wav,192000,224448,1.169,0.0587244033813476,0.3166295289993286,0.0464326180517673,0.0397686769318505,1259.7445372028662,4373.711983418552,1312.5,375.0,0.0,1593.75,1593.75,-1.9929494592107382,0.15466835437584855,0
268_whistle.wav,/Users/nfot413/dolphin_project/data/segments/268_whistle.wav,192000,67200,0.35,0.0564872585237026,0.2438428848981857,0.0450035817921161,0.0393303571428571,1239.6561104775326,4402.855833862337,1218.75,562.5,0.0,1500.0,1500.0,-2.0513127968218923,0.2542487623850314,0
269_whistle.wav,/Users/nfot413/dolphin_project/data/segments/269_whistle.wav,192000,42240,0.22,0.0542630963027477,0.2569048106670379,0.043627705425024,0.0388494318181818,1338.430649997135,4930.39257051545,1125.0,468.75,0.0,1500.0,1500.0,-2.025742603490599,0.21469640849669858,0
270_whistle.wav,/Users/nfot413/dolphin_project/data/segments/270_whistle.wav,192000,53184,0.277,0.0584326982498168,0.204229861497879,0.0465548485517501,0.0369848074608904,1198.2891688322418,4187.9186497478995,1218.75,375.0,0.0,1593.75,1593.75,-2.1166718630033396,0.2851485083610341,0
271_whistle.wav,/Users/nfot413/dolphin_project/data/segments/271_whistle.wav,192000,41280,0.215,0.0687416642904281,0.4157841801643371,0.0517778508365154,0.0375484496124031,1295.1712451852434,3582.7879500931526,1687.5,937.5,93.75,1781.25,1687.5,-1.8347429761052136,0.42290190626276764,0
272_whistle.wav,/Users/nfot413/dolphin_project/data/segments/272_whistle.wav,192000,52416,0.273,0.0524908974766731,0.2396008223295211,0.0419848673045635,0.0403693528693528,1414.986659739122,5166.1753529331645,1218.75,375.0,0.0,1406.25,1406.25,-2.02972824907438,0.1835914708760493,0
273_whistle.wav,/Users/nfot413/dolphin_project/data/segments/273_whistle.wav,192000,60288,0.314,0.051720842719078,0.2115543037652969,0.040727213025093,0.0418159501061571,1247.0722419435606,4702.777124117785,1218.75,468.75,0.0,1500.0,1500.0,-2.0742683058942486,0.20092157050631795,0
274_whistle.wav,/Users/nfot413/dolphin_project/data/segments/274_whistle.wav,192000,31872,0.166,0.0570244491100311,0.1991332769393921,0.0454613007605075,0.040097891566265,1251.2846455775436,4503.309476265233,1218.75,281.25,0.0,1781.25,1781.25,-2.07043849411233,0.2722334467770201,0
275_whistle.wav,/Users/nfot413/dolphin_project/data/segments/275_whistle.wav,192000,17088,0.089,0.0653229877352714,0.2992034554481506,0.0507746711373329,0.0378043071161048,1385.367640280109,3926.656859506555,1687.5,1687.5,93.75,1875.0,1781.25,-1.8797664931336366,0.4454629954501438,0
276_multiple_whistle.wav,/Users/nfot413/dolphin_project/data/segments/276_multiple_whistle.wav,192000,216192,1.126,0.0532164014875888,0.2432020008563995,0.0422148630023002,0.0469952634695085,1814.3459074247824,5137.444941519536,1593.75,375.0,0.0,10500.0,10500.0,-1.517625179337376,-0.22041705371094966,0
277_whistle.wav,/Users/nfot413/dolphin_project/data/segments/277_whistle.wav,192000,60096,0.313,0.0596382021903991,0.3848689198493957,0.0457738637924194,0.0437133919062832,1381.3076151593464,4374.658710260197,1406.25,937.5,0.0,1687.5,1687.5,-1.8266869916501627,0.26913639122865607,0
278_whistle.wav,/Users/nfot413/dolphin_project/data/segments/278_whistle.wav,192000,291648,1.519,0.057715818285942,0.3281350135803222,0.0452907383441925,0.0496831797235023,2054.704723484411,5035.541347227383,3750.0,375.0,0.0,4312.5,4312.5,-1.639271372156422,-0.030950608482669176,0
279_whistle.wav,/Users/nfot413/dolphin_project/data/segments/279_whistle.wav,192000,144192,0.751,0.058106854557991,0.3421124815940857,0.0456632487475872,0.0510638592987128,2040.5046141616351,4986.814347501147,1968.75,375.0,0.0,1781.25,1781.25,-1.7543698347264907,0.18153226888764487,0
280_whistle.wav,/Users/nfot413/dolphin_project/data/segments/280_whistle.wav,192000,30720,0.16,0.0625155493617057,0.5317239761352539,0.0496342591941356,0.05185546875,3015.0274311251333,5901.676449212143,9750.0,375.0,93.75,10781.25,10687.5,-0.819901539540952,-0.1509275130836436,0
281_whistle.wav,/Users/nfot413/dolphin_project/data/segments/281_whistle.wav,192000,180864,0.942,0.0536476895213127,0.2907803654670715,0.0426515415310859,0.0473394373673036,1674.232348392631,5440.69610280474,1500.0,375.0,0.0,1593.75,1593.75,-1.8790071491982927,0.10629098721496688,0
282_whistle.wav,/Users/nfot413/dolphin_project/data/segments/282_whistle.wav,192000,21120,0.11,0.0515962690114975,0.2057252675294876,0.0411975383758544,0.0453598484848484,1660.289610123215,5095.192682384056,1500.0,468.75,93.75,1593.75,1500.0,-1.9739792471975275,0.26418088851779675,0
283_whistle.wav,/Users/nfot413/dolphin_project/data/segments/283_whistle.wav,192000,83904,0.437,0.058427020907402,0.3685720264911651,0.045292105525732,0.0459811212814645,1648.522850803891,5369.690038307642,1500.0,281.25,0.0,1593.75,1593.75,-1.7937743771257362,0.18872234744402608,0
284_whistle.wav,/Users/nfot413/dolphin_project/data/segments/284_whistle.wav,192000,56640,0.295,0.0547296181321144,0.5879085659980774,0.0439177006483078,0.0395303672316384,1542.251582362606,5735.748802298166,1125.0,375.0,0.0,1500.0,1500.0,-1.6684553921174523,0.09424281273700377,0
285_multiple_whistle.wav,/Users/nfot413/dolphin_project/data/segments/285_multiple_whistle.wav,192000,283392,1.476,0.0541147254407405,0.4594561457633972,0.0429406687617301,0.0422418416892502,1440.350198872706,5014.687562789128,1500.0,375.0,0.0,1593.75,1593.75,-1.8264830277741337,0.009846439772080297,0
286_whistle.wav,/Users/nfot413/dolphin_project/data/segments/286_whistle.wav,192000,91008,0.474,0.0657652616500854,0.9936521649360656,0.0505083017051219,0.0402601969057665,3137.052467145404,10019.580401346251,1687.5,375.0,0.0,1781.25,1781.25,-0.8844465403541643,-0.14845184786146998,0
287_whistle.wav,/Users/nfot413/dolphin_project/data/segments/287_whistle.wav,192000,207936,1.083,0.060381606221199,0.4339121580123901,0.0472850017249584,0.0379443674976915,1401.044133269621,4566.415899995474,1500.0,937.5,93.75,1781.25,1687.5,-1.8236272259481412,0.19457738065776684,0
288_whistle.wav,/Users/nfot413/dolphin_project/data/segments/288_whistle.wav,192000,30720,0.16,0.0592662431299686,0.2524491250514984,0.0465819649398326,0.03740234375,1341.5133004496192,4278.852834107791,1593.75,843.75,0.0,2062.5,2062.5,-1.995449828566762,0.28175789945090385,0
289_whistle.wav,/Users/nfot413/dolphin_project/data/segments/289_whistle.wav,192000,11712,0.061,0.0653958097100257,0.2273018658161163,0.0520230792462825,0.0360314207650273,1095.6168071507338,3794.2477795736368,1031.25,375.0,0.0,1500.0,1500.0,-2.090825940751897,0.40653958229594656,0
290_whistle.wav,/Users/nfot413/dolphin_project/data/segments/290_whistle.wav,192000,107328,0.559,0.0497448146343231,0.3220313191413879,0.0400022789835929,0.0472011031604054,1730.899640213693,5273.197877352055,1500.0,281.25,0.0,1593.75,1593.75,-1.8797598263395918,0.10629101322118042,0
291_whistle.wav,/Users/nfot413/dolphin_project/data/segments/291_whistle.wav,192000,76800,0.4,0.0545370355248451,0.2200689762830734,0.0435051247477531,0.0405338541666666,1363.8206798123308,4536.753823275377,1406.25,937.5,0.0,1593.75,1593.75,-2.0319868693367775,0.2354247888239533,0
292_whistle.wav,/Users/nfot413/dolphin_project/data/segments/292_whistle.wav,192000,107612,0.5604791666666666,0.0544834323227405,0.2255317866802215,0.0434300750494003,0.0427182842062223,1429.7265336475489,4576.369565376914,1312.5,375.0,0.0,3656.25,3656.25,-1.9377812520502653,0.12927578565396333,0
293_multiple_whistle.wav,/Users/nfot413/dolphin_project/data/segments/293_multiple_whistle.wav,192000,80256,0.418,0.0566585510969162,0.3563646376132965,0.0444002375006675,0.0435107655502392,1596.0138882690123,4506.372741970931,2250.0,468.75,0.0,3750.0,3750.0,-1.7638734407219057,0.1274176055047752,0
294_whistle.wav,/Users/nfot413/dolphin_project/data/segments/294_whistle.wav,192000,69120,0.36,0.0458547100424766,0.1964781582355499,0.035812996327877,0.0538773148148148,1502.522388903309,5486.472376235275,1218.75,750.0,0.0,1500.0,1500.0,-1.9311514591881715,0.151042440277861,0
295_whistle.wav,/Users/nfot413/dolphin_project/data/segments/295_whistle.wav,192000,80256,0.418,0.0469331741333007,0.1924192011356353,0.0372075699269771,0.0520459529505582,1843.5636774667455,6257.97152740262,1406.25,281.25,0.0,1500.0,1500.0,-1.9060534039554586,0.0949672225751308,0
296_whistle.wav,/Users/nfot413/dolphin_project/data/segments/296_whistle.wav,192000,87360,0.455,0.0456865616142749,0.1972716450691223,0.036175187677145,0.0484661172161172,1555.382664100911,5597.054459232898,1218.75,1031.25,0.0,1593.75,1593.75,-1.9592504243831272,0.11803297629304091,0
297_whistle.wav,/Users/nfot413/dolphin_project/data/segments/297_whistle.wav,192000,33024,0.172,0.0467821471393108,0.2240974158048629,0.0372145250439643,0.0582000968992248,2578.2866988106,6138.108287076534,4781.25,937.5,0.0,9187.5,9187.5,-1.30627655740979,-0.15649834041305175,0
298_whistle.wav,/Users/nfot413/dolphin_project/data/segments/298_whistle.wav,192000,28224,0.147,0.0681387558579444,0.9937132000923156,0.0506796799600124,0.0643424036281179,6832.967551232291,10779.9598682372,10125.0,468.75,93.75,10500.0,10406.25,0.20408093832600555,-0.4518772501550395,0
299_whistle.wav,/Users/nfot413/dolphin_project/data/segments/299_whistle.wav,192000,125376,0.653,0.0659650415182113,0.3726004958152771,0.0512674674391746,0.0350625319040326,1121.7536289740149,3805.8672479656207,1312.5,468.75,0.0,1593.75,1593.75,-1.9687682788871077,0.28992767549431536,0
300_whistle.wav,/Users/nfot413/dolphin_project/data/segments/300_whistle.wav,192000,125184,0.652,0.0574802681803703,0.2788476347923279,0.0454526916146278,0.0383515465235173,1278.1380727704004,4380.342357835189,1406.25,468.75,0.0,1781.25,1781.25,-2.0195353489129415,0.19932377333551518,0
301_whistle.wav,/Users/nfot413/dolphin_project/data/segments/301_whistle.wav,192000,21696,0.113,0.0447706840932369,0.1597338765859604,0.0356624163687229,0.0506544985250737,1473.7046425537187,5600.915839524072,1125.0,375.0,93.75,1125.0,1031.25,-2.019959209809909,0.21682928788976058,0
302_whistle.wav,/Users/nfot413/dolphin_project/data/segments/302_whistle.wav,192000,129408,0.674,0.044236946851015,0.3535264134407043,0.0351888351142406,0.0474700173095944,1458.9677451896596,5672.750738849148,1125.0,375.0,0.0,1125.0,1125.0,-1.9033398122544998,0.030841050444537773,0
303_whistle.wav,/Users/nfot413/dolphin_project/data/segments/303_whistle.wav,192000,16704,0.087,0.0427163690328598,0.1443830728530883,0.0343061871826648,0.0444204980842911,1469.25713919521,5703.587666443834,1125.0,375.0,0.0,1593.75,1593.75,-2.092086083422288,0.10250557856145495,0
