file_name,file_path,sample_rate,num_samples,duration_sec,rms_energy,peak_amplitude,mean_abs_amplitude,zero_crossing_rate,spectral_centroid_hz,spectral_bandwidth_hz,spectral_rolloff_85_hz,dominant_frequency_hz,low_freq_est_hz,high_freq_est_hz,bandwidth_est_hz
001_whistle.wav,/Users/nfot413/dolphin_project/data/segments/001_whistle.wav,192000,15541,0.08094270833333334,0.0321958102285862,0.11447492986917496,0.025758016854524612,0.062286854127791,2087.8496485794785,7364.834948140448,1593.75,937.5,0.0,1031.25,1031.25
002_whistle.wav,/Users/nfot413/dolphin_project/data/segments/002_whistle.wav,192000,22573,0.11756770833333334,0.01955009251832962,0.18552201986312866,0.015462334267795086,0.11101758738315687,5370.596044651501,13268.199033833143,7312.5,1031.25,93.75,6750.0,6656.25
003_whistle.wav,/Users/nfot413/dolphin_project/data/segments/003_whistle.wav,192000,25577,0.13321354166666666,0.018865307793021202,0.09732352942228317,0.015063008293509483,0.1107635766508973,4925.141537525422,12943.427241785095,7500.0,375.0,0.0,1031.25,1031.25
004_whistle.wav,/Users/nfot413/dolphin_project/data/segments/004_whistle.wav,192000,231800,1.2072916666666667,0.029211319983005524,0.5978881120681763,0.023050205782055855,0.07720448662640207,3475.6857657848896,10101.113221677952,3375.0,843.75,93.75,1687.5,1593.75
005_whistle.wav,/Users/nfot413/dolphin_project/data/segments/005_whistle.wav,192000,25558,0.13311458333333334,0.038229603320360184,0.25064852833747864,0.03024059720337391,0.06307222787385554,2716.047285721741,8402.716445951331,1781.25,468.75,93.75,1687.5,1593.75
006_whistle.wav,/Users/nfot413/dolphin_project/data/segments/006_whistle.wav,192000,18701,0.09740104166666666,0.04117191955447197,0.13632617890834808,0.033118657767772675,0.049783434040960375,1631.8480739520005,5901.836358055139,1312.5,843.75,187.5,1218.75,1031.25
007_whistle.wav,/Users/nfot413/dolphin_project/data/segments/007_whistle.wav,192000,69180,0.3603125,0.04623955488204956,0.32044434547424316,0.03551214188337326,0.05050592656837236,1864.2430082877397,5817.923269638934,1593.75,656.25,93.75,1593.75,1500.0
008_whistle.wav,/Users/nfot413/dolphin_project/data/segments/008_whistle.wav,192000,145802,0.7593854166666667,0.03992495313286781,0.22904141247272491,0.03120308741927147,0.06384000219475727,2260.5137532861118,6686.326733359759,1593.75,937.5,0.0,1500.0,1500.0
009_whistle.wav,/Users/nfot413/dolphin_project/data/segments/009_whistle.wav,192000,107136,0.558,0.04203726351261139,0.5283669829368591,0.03351805359125137,0.05184065113500597,2144.2836457418293,7699.194493772408,1406.25,562.5,0.0,1687.5,1687.5
010_whistle.wav,/Users/nfot413/dolphin_project/data/segments/010_whistle.wav,192000,112825,0.5876302083333333,0.037148673087358475,0.24011963605880737,0.029234757646918297,0.06728118768003545,2524.393679410211,6922.309723342285,1968.75,1031.25,93.75,10312.5,10218.75
011_whistle.wav,/Users/nfot413/dolphin_project/data/segments/011_whistle.wav,192000,198856,1.0357083333333332,0.04607671499252319,0.3165990114212036,0.03531939163804054,0.05349599710343163,1762.7059362865302,5582.314559882866,1687.5,937.5,0.0,1875.0,1875.0
012_whistle.wav,/Users/nfot413/dolphin_project/data/segments/012_whistle.wav,192000,124800,0.65,0.045003946870565414,0.19614246487617493,0.03574676066637039,0.049262820512820514,1482.4944275463147,5614.918569858794,1031.25,750.0,93.75,1031.25,937.5
013_whistle.wav,/Users/nfot413/dolphin_project/data/segments/013_whistle.wav,192000,81074,0.4222604166666667,0.04082193970680237,0.2222357839345932,0.03218211978673935,0.05251992007301971,1649.6176928837192,6011.056327693626,1406.25,750.0,93.75,1125.0,1031.25
014_whistle.wav,/Users/nfot413/dolphin_project/data/segments/014_whistle.wav,192000,79104,0.412,0.1037856936454773,0.9945676922798157,0.0470493845641613,0.05730430825242718,13758.943443589877,16388.404177083557,28218.75,3656.25,281.25,23906.25,23625.0
015_whistle.wav,/Users/nfot413/dolphin_project/data/segments/015_whistle.wav,192000,35520,0.185,0.0389021635055542,0.2468947470188141,0.030746804550290108,0.0545045045045045,1800.62085548586,6334.191979904972,1593.75,750.0,93.75,1593.75,1500.0
016_whistle.wav,/Users/nfot413/dolphin_project/data/segments/016_whistle.wav,192000,103488,0.539,0.043260592967271805,0.21897029876708984,0.034056566655635834,0.05230558132343847,1767.5326657796984,5714.246063320823,2343.75,468.75,93.75,3937.5,3843.75
017_whistle.wav,/Users/nfot413/dolphin_project/data/segments/017_whistle.wav,192000,28800,0.15,0.05538216605782509,0.22397534549236298,0.04376138374209404,0.03951388888888889,1532.484849520272,4601.812279522656,1593.75,750.0,0.0,1593.75,1593.75
018_whistle.wav,/Users/nfot413/dolphin_project/data/segments/018_whistle.wav,192000,102144,0.532,0.03999526426196098,0.19321268796920776,0.03184757009148598,0.05374765037593985,1689.6078169441703,6183.441131739479,1312.5,750.0,93.75,1593.75,1500.0
019_whistle.wav,/Users/nfot413/dolphin_project/data/segments/019_whistle.wav,192000,92928,0.484,0.04834551364183426,0.22882778942584991,0.03821544721722603,0.04569128787878788,1544.6912841766346,5349.8067137969165,1406.25,937.5,0.0,1781.25,1781.25
020_whistle.wav,/Users/nfot413/dolphin_project/data/segments/020_whistle.wav,192000,98496,0.513,0.041400883346796036,0.7244789004325867,0.03134448453783989,0.06702810266406757,3685.484113611283,10122.004311572766,2062.5,937.5,93.75,1781.25,1687.5
021_whistle.wav,/Users/nfot413/dolphin_project/data/segments/021_whistle.wav,192000,47424,0.247,0.045962173491716385,0.17905209958553314,0.03656816855072975,0.04822452766531714,1595.6215624375916,5487.209413619195,1500.0,937.5,93.75,1687.5,1593.75
022_whistle.wav,/Users/nfot413/dolphin_project/data/segments/022_whistle.wav,192000,37440,0.195,0.0553467683494091,0.2232123762369156,0.04315577447414398,0.04732905982905983,1417.2699555894908,4740.007791368442,1218.75,937.5,0.0,1125.0,1125.0
023_whistle.wav,/Users/nfot413/dolphin_project/data/segments/023_whistle.wav,192000,43008,0.224,0.03603634610772133,0.33903011679649353,0.02832212671637535,0.06947544642857142,2950.959066903046,8985.466098431862,2156.25,843.75,0.0,1500.0,1500.0
024_whistle.wav,/Users/nfot413/dolphin_project/data/segments/024_whistle.wav,192000,69888,0.364,0.05475539714097977,0.32236701250076294,0.04184510186314583,0.04863495879120879,1659.389931850841,4741.9839743241555,1687.5,937.5,187.5,1781.25,1593.75
025_whistle.wav,/Users/nfot413/dolphin_project/data/segments/025_whistle.wav,192000,68544,0.357,0.0371004119515419,0.2458571195602417,0.029093267396092415,0.06754785247432306,2506.991098181493,7230.909166594157,3093.75,1031.25,93.75,1687.5,1593.75
026_whistle.wav,/Users/nfot413/dolphin_project/data/segments/026_whistle.wav,192000,76032,0.396,0.04134912043809891,0.2680746018886566,0.03217083215713501,0.060737584175084174,2189.8291766037646,6840.750127736385,1875.0,937.5,93.75,1781.25,1687.5
027_whistle.wav,/Users/nfot413/dolphin_project/data/segments/027_whistle.wav,192000,40512,0.211,0.05804642662405968,0.9937132000923157,0.0442228689789772,0.04480154028436019,3516.791469233307,8936.862504418625,1875.0,1031.25,187.5,1218.75,1031.25
028_multiple_whistle.wav,/Users/nfot413/dolphin_project/data/segments/028_multiple_whistle.wav,192000,1263549,6.580984375,0.048146430402994156,0.747337281703949,0.036590397357940674,0.060693332826823494,3112.795728452055,6907.585597710621,4593.75,937.5,0.0,4968.75,4968.75
029_multiple_whistle.wav,/Users/nfot413/dolphin_project/data/segments/029_multiple_whistle.wav,192000,867723,4.519390625,0.04753350466489792,0.651509165763855,0.03722711652517319,0.056084718279911905,2314.644505786004,6064.171032508279,3750.0,937.5,93.75,3750.0,3656.25
030_multiple_whistle.wav,/Users/nfot413/dolphin_project/data/segments/030_multiple_whistle.wav,192000,273024,1.422,0.048822250217199326,0.4545121490955353,0.03721047565340996,0.05732096812001875,2397.499879101879,5421.257662001277,4218.75,4218.75,93.75,4500.0,4406.25
031_multiple_whistle.wav,/Users/nfot413/dolphin_project/data/segments/031_multiple_whistle.wav,192000,602112,3.136,0.05190421640872955,0.49601733684539795,0.04079336300492287,0.04727691857993197,1646.867105337895,5433.01031687787,1312.5,937.5,0.0,1593.75,1593.75
032_multiple_whistle.wav,/Users/nfot413/dolphin_project/data/segments/032_multiple_whistle.wav,192000,122112,0.636,0.051228687167167664,0.2844019830226898,0.04034482315182686,0.04843094863731656,2053.095760971625,5394.020669581038,4218.75,937.5,93.75,4406.25,4312.5
033_multiple_whistle.wav,/Users/nfot413/dolphin_project/data/segments/033_multiple_whistle.wav,192000,840192,4.376,0.05846228450536728,0.9940183758735657,0.04480027034878731,0.0486424531535649,2372.1674459825617,7224.049327402149,1687.5,937.5,0.0,1687.5,1687.5
034_whistle.wav,/Users/nfot413/dolphin_project/data/segments/034_whistle.wav,192000,153408,0.799,0.044469330459833145,0.19541001319885254,0.03516495227813721,0.05225281602002503,1656.5175749926857,5702.919954266097,1500.0,562.5,93.75,1687.5,1593.75
035_whistle.wav,/Users/nfot413/dolphin_project/data/segments/035_whistle.wav,192000,115968,0.604,0.04648134112358093,0.1829279512166977,0.036898791790008545,0.04826331401766004,1487.6364582487208,5509.677089763522,1125.0,468.75,93.75,1125.0,1031.25
036_whistle.wav,/Users/nfot413/dolphin_project/data/segments/036_whistle.wav,192000,174528,0.909,0.05126894637942314,0.4498123228549957,0.040540698915719986,0.043316831683168314,1395.943891584883,5021.294202248613,1125.0,937.5,187.5,1218.75,1031.25
037_whistle.wav,/Users/nfot413/dolphin_project/data/segments/037_whistle.wav,192000,192689,1.0035885416666666,0.0430966317653656,0.4699240028858185,0.031601302325725555,0.058892827302025545,1499.9830651311922,5910.852678353883,1406.25,93.75,0.0,1593.75,1593.75
038_multiple_whistle.wav,/Users/nfot413/dolphin_project/data/segments/038_multiple_whistle.wav,192000,780288,4.064,0.04654857516288757,0.9938352704048157,0.035855043679475784,0.060608390748031496,2698.080566828385,7279.03144856402,3281.25,937.5,93.75,1781.25,1687.5
039_whistle.wav,/Users/nfot413/dolphin_project/data/segments/039_whistle.wav,192000,110976,0.578,0.047041334211826324,0.20029297471046448,0.03722216188907623,0.05621936274509804,2185.1023169467,6083.590808505836,1406.25,937.5,93.75,1125.0,1031.25
040_whistle.wav,/Users/nfot413/dolphin_project/data/segments/040_whistle.wav,192000,66048,0.344,0.04746082052588463,0.29105502367019653,0.036650434136390686,0.05091751453488372,1572.9288380212272,5298.537187029597,1406.25,843.75,93.75,1593.75,1500.0
041_whistle.wav,/Users/nfot413/dolphin_project/data/segments/041_whistle.wav,192000,213312,1.111,0.03852787986397743,0.3716239035129547,0.030489208176732063,0.05791516651665166,2152.8249844332922,6966.200810655835,1687.5,937.5,0.0,1593.75,1593.75
042_multiple_whistle.wav,/Users/nfot413/dolphin_project/data/segments/042_multiple_whistle.wav,192000,158400,0.825,0.043317146599292755,0.2059083878993988,0.03446473553776741,0.052556818181818184,2138.9988579825254,5938.143323400484,4312.5,1031.25,93.75,4687.5,4593.75
043_whistle.wav,/Users/nfot413/dolphin_project/data/segments/043_whistle.wav,192000,83520,0.435,0.047132667154073715,0.23303933441638947,0.037118639796972275,0.046779214559386974,1522.059078297418,5182.415085860704,1218.75,1031.25,93.75,1781.25,1687.5
044_whistle.wav,/Users/nfot413/dolphin_project/data/segments/044_whistle.wav,192000,69888,0.364,0.053906626999378204,0.40754416584968567,0.04053414985537529,0.05547447344322344,3039.1819263738134,8517.554450084106,1875.0,937.5,281.25,1781.25,1500.0
045_whistle.wav,/Users/nfot413/dolphin_project/data/segments/045_whistle.wav,192000,138432,0.721,0.03603466600179672,0.1581164002418518,0.028527120128273964,0.06744105409153953,2544.4214034014353,7551.366079590005,2343.75,937.5,0.0,1218.75,1218.75
046_multiple_whistle.wav,/Users/nfot413/dolphin_project/data/segments/046_multiple_whistle.wav,192000,158400,0.825,0.04470774531364441,0.347392201423645,0.03187219426035881,0.059204545454545454,1640.53949051482,5837.02786192629,1593.75,937.5,0.0,1781.25,1781.25
047_whistle.wav,/Users/nfot413/dolphin_project/data/segments/047_whistle.wav,192000,34944,0.182,0.04856197163462639,0.2229377180337906,0.03795500844717026,0.04532967032967033,1455.949376105971,5171.9427256706995,1406.25,1031.25,0.0,1593.75,1593.75
048_whistle.wav,/Users/nfot413/dolphin_project/data/segments/048_whistle.wav,192000,48768,0.254,0.04183155670762062,0.19513535499572754,0.032751161605119705,0.054708005249343834,1594.7832573291637,5890.703216376882,1312.5,937.5,0.0,1593.75,1593.75
049_whistle.wav,/Users/nfot413/dolphin_project/data/segments/049_whistle.wav,192000,53568,0.279,0.04177899658679962,0.19251075387001038,0.032887689769268036,0.055686230585424136,1676.1768539252992,5855.6112276048025,1218.75,937.5,187.5,1218.75,1031.25
050_whistle.wav,/Users/nfot413/dolphin_project/data/segments/050_whistle.wav,192000,152064,0.792,0.04287018999457359,0.28943753242492676,0.03347582370042801,0.050899621212121215,1707.4858390429945,5717.919308055457,1687.5,937.5,0.0,1781.25,1781.25
051_whistle.wav,/Users/nfot413/dolphin_project/data/segments/051_whistle.wav,192000,172032,0.896,0.042229194194078445,0.30420851707458496,0.033388808369636536,0.05761137462797619,2793.079274852962,8524.510507114546,1593.75,1031.25,93.75,1687.5,1593.75
052_multiple_whistle.wav,/Users/nfot413/dolphin_project/data/segments/052_multiple_whistle.wav,192000,168384,0.877,0.04059046506881714,0.2310556322336197,0.03202817216515541,0.06017198783732421,2092.691893217157,6885.424038966991,1593.75,937.5,0.0,1875.0,1875.0
053_multiple_whistle.wav,/Users/nfot413/dolphin_project/data/segments/053_multiple_whistle.wav,192000,993600,5.175,0.04468600079417229,0.6771752238273621,0.033538877964019775,0.05636070853462158,1677.7492204575901,5963.887338840029,1406.25,937.5,0.0,1687.5,1687.5
054_whistle.wav,/Users/nfot413/dolphin_project/data/segments/054_whistle.wav,192000,281664,1.467,0.03643794730305672,0.2542496919631958,0.02868112176656723,0.06203490683935469,1856.852109680843,6923.434917898214,1312.5,750.0,0.0,1593.75,1593.75
055_whistle.wav,/Users/nfot413/dolphin_project/data/segments/055_whistle.wav,192000,133440,0.695,0.04398752748966217,0.37781915068626404,0.03397003933787346,0.052098321342925656,1642.0819416005802,5850.429548697789,1687.5,937.5,93.75,2062.5,1968.75
056_whistle.wav,/Users/nfot413/dolphin_project/data/segments/056_whistle.wav,192000,94656,0.493,0.04250695928931236,0.2212591916322708,0.03375851362943649,0.05244252873563218,1735.8933160204317,6314.724817458816,1125.0,937.5,93.75,1500.0,1406.25
057_whistle.wav,/Users/nfot413/dolphin_project/data/segments/057_whistle.wav,192000,72192,0.376,0.03958907350897789,0.41013824939727783,0.03118949942290783,0.057915004432624116,2511.5358311779114,7972.391124283154,1593.75,843.75,93.75,1687.5,1593.75
058_whistle.wav,/Users/nfot413/dolphin_project/data/segments/058_whistle.wav,192000,96000,0.5,0.051665280014276505,0.3820917308330536,0.04075295478105545,0.04278125,1556.393392125489,5140.956825419424,1593.75,937.5,187.5,1781.25,1593.75
059_whistle.wav,/Users/nfot413/dolphin_project/data/segments/059_whistle.wav,192000,99840,0.52,0.04544606804847717,0.1814630627632141,0.03593635559082031,0.04944911858974359,1422.484907411132,5474.759352468571,1031.25,468.75,93.75,1593.75,1500.0
060_multiple_whistle.wav,/Users/nfot413/dolphin_project/data/segments/060_multiple_whistle.wav,192000,475008,2.474,0.047444332391023636,0.7499313354492188,0.03665319085121155,0.053820146187011586,2249.360426522329,7659.239602821693,1125.0,468.75,0.0,1125.0,1125.0
061_whistle.wav,/Users/nfot413/dolphin_project/data/segments/061_whistle.wav,192000,38016,0.198,0.04523586109280586,0.1832636445760727,0.03614628687500954,0.04724326599326599,1386.075278432732,5525.4513090618675,1031.25,562.5,93.75,1031.25,937.5
062_multiple_whistle.wav,/Users/nfot413/dolphin_project/data/segments/062_multiple_whistle.wav,192000,230784,1.202,0.048810407519340515,0.8891872763633728,0.03757292777299881,0.055805428452579034,3830.26792194801,9909.328242650477,1781.25,468.75,93.75,1125.0,1031.25
063_whistle.wav,/Users/nfot413/dolphin_project/data/segments/063_whistle.wav,192000,112128,0.584,0.050437506288290024,0.35398417711257935,0.03907925635576248,0.05329623287671233,1738.3195667926452,5341.1258878737835,1687.5,937.5,93.75,1875.0,1781.25
064_whistle.wav,/Users/nfot413/dolphin_project/data/segments/064_whistle.wav,192000,94272,0.491,0.05120163410902023,0.22589801251888275,0.040553998202085495,0.0438306177868296,1378.612675821703,4825.435125053143,1500.0,843.75,93.75,1781.25,1687.5
065_whistle.wav,/Users/nfot413/dolphin_project/data/segments/065_whistle.wav,192000,74688,0.389,0.0412636399269104,0.1749626100063324,0.03292957320809364,0.0529536203941731,1878.8675084695526,6426.007483276743,1500.0,843.75,0.0,1687.5,1687.5
066_whistle.wav,/Users/nfot413/dolphin_project/data/segments/066_whistle.wav,192000,190848,0.994,0.047331493347883224,0.4383678734302521,0.03586358204483986,0.055992203219315896,1770.5937105820244,6291.089950599885,1406.25,93.75,0.0,1687.5,1687.5
067_whistle.wav,/Users/nfot413/dolphin_project/data/segments/067_whistle.wav,192000,81216,0.423,0.04620334133505821,0.31205177307128906,0.03599613532423973,0.059015464933018125,2414.5575147019176,7418.1284778445915,1687.5,1031.25,93.75,1781.25,1687.5
068_whistle.wav,/Users/nfot413/dolphin_project/data/segments/068_whistle.wav,192000,114624,0.597,0.042270515114068985,0.6551408171653748,0.03214007988572121,0.06284896705750977,2727.5282307559946,7564.461904519882,3656.25,843.75,0.0,3750.0,3750.0
069_whistle.wav,/Users/nfot413/dolphin_project/data/segments/069_whistle.wav,192000,44352,0.231,0.08079949766397476,0.9941709637641907,0.04705290496349335,0.07562229437229437,22950.60128531613,21465.973765371058,46218.75,4406.25,93.75,45468.75,45375.0
070_whistle.wav,/Users/nfot413/dolphin_project/data/segments/070_whistle.wav,192000,173184,0.902,0.11376428604125977,0.9960936307907104,0.05923407897353172,0.06523697339246119,14929.850883663523,13303.44655089053,23812.5,937.5,0.0,24000.0,24000.0
071_whistle.wav,/Users/nfot413/dolphin_project/data/segments/071_whistle.wav,192000,80448,0.419,0.04415399208664894,0.31983399391174316,0.034973908215761185,0.05540224741447892,1775.9954084643718,5981.5254535191925,1406.25,656.25,93.75,1125.0,1031.25
072_whistle.wav,/Users/nfot413/dolphin_project/data/segments/072_whistle.wav,192000,22464,0.117,0.043942369520664215,0.15225684642791748,0.03550317510962486,0.048165954415954414,1597.618947661709,5750.15984557866,1406.25,562.5,93.75,1593.75,1500.0
073_whistle.wav,/Users/nfot413/dolphin_project/data/segments/073_whistle.wav,192000,22464,0.117,0.044418081641197205,0.16794335842132568,0.03532415255904198,0.05511039886039886,2217.4695531810303,6640.070925827165,2531.25,750.0,93.75,1687.5,1593.75
074_whistle.wav,/Users/nfot413/dolphin_project/data/segments/074_whistle.wav,192000,62400,0.325,0.05050119012594223,0.3715323209762573,0.03951031342148781,0.052932692307692306,2287.2083523302476,6981.610351795897,1500.0,562.5,0.0,1125.0,1125.0
075_whistle.wav,/Users/nfot413/dolphin_project/data/segments/075_whistle.wav,192000,141504,0.737,0.154073566198349,0.9979857802391052,0.05942926183342934,0.05358859113523293,13694.955539133085,19159.696181848874,33093.75,93.75,0.0,375.0,375.0
076_whistle.wav,/Users/nfot413/dolphin_project/data/segments/076_whistle.wav,192000,112320,0.585,0.052185289561748505,0.5786614418029785,0.039458006620407104,0.06274038461538461,5034.114954915733,10827.79497556306,4968.75,937.5,0.0,5062.5,5062.5
077_whistle.wav,/Users/nfot413/dolphin_project/data/segments/077_whistle.wav,192000,109824,0.572,0.15765468776226044,0.9951170086860657,0.06895469129085541,0.06177156177156177,10179.707083314233,17522.03370968444,26812.5,93.75,0.0,375.0,375.0
078_whistle.wav,/Users/nfot413/dolphin_project/data/segments/078_whistle.wav,192000,99648,0.519,0.1130177229642868,0.9950254559516907,0.022678904235363007,0.027687459858702634,5258.859203366345,14391.287075530921,3000.0,93.75,0.0,375.0,375.0
079_whistle.wav,/Users/nfot413/dolphin_project/data/segments/079_whistle.wav,192000,54912,0.286,0.1839076727628708,0.9964598417282104,0.09444426000118256,0.09538898601398602,19553.425195620006,16212.68900416492,35718.75,6656.25,281.25,34312.5,34031.25
080_whistle.wav,/Users/nfot413/dolphin_project/data/segments/080_whistle.wav,192000,107136,0.558,0.2918391823768616,1.0,0.15013600885868073,0.1365367383512545,28035.284088580316,22081.618308167184,46781.25,93.75,0.0,562.5,562.5
081_whistle.wav,/Users/nfot413/dolphin_project/data/segments/081_whistle.wav,192000,94656,0.493,0.04763712361454964,0.317178875207901,0.0375504270195961,0.053298258958755916,1777.0447601589553,5687.6167755905235,1406.25,750.0,0.0,1687.5,1687.5
082_whistle.wav,/Users/nfot413/dolphin_project/data/segments/082_whistle.wav,192000,60366,0.31440625,0.05107047036290169,0.22858363389968872,0.040279049426317215,0.04815624689394692,1549.7331954259623,5352.55447006694,1406.25,562.5,0.0,1687.5,1687.5
083_whistle.wav,/Users/nfot413/dolphin_project/data/segments/083_whistle.wav,192000,41664,0.217,0.045192159712314606,0.17075106501579285,0.03630903735756874,0.04699500768049155,1358.3191421952272,5357.170092679843,1031.25,468.75,93.75,1125.0,1031.25
084_whistle.wav,/Users/nfot413/dolphin_project/data/segments/084_whistle.wav,192000,160944,0.83825,0.26515719294548035,0.9988707900047302,0.2070176601409912,0.12244631673128542,13929.965014422398,11415.203375712406,21562.5,9843.75,843.75,21937.5,21093.75
085_whistle.wav,/Users/nfot413/dolphin_project/data/segments/085_whistle.wav,192000,251840,1.3116666666666668,0.05608564615249634,0.38489943742752075,0.04358576238155365,0.05486419949174079,2539.1245983774625,5666.659133575198,4406.25,937.5,0.0,10875.0,10875.0
086_whistle.wav,/Users/nfot413/dolphin_project/data/segments/086_whistle.wav,192000,36096,0.188,0.11255095154047012,0.9941709637641907,0.05308365449309349,0.06560283687943262,14104.42512235745,16381.889828433626,24093.75,843.75,93.75,19218.75,19125.0
087_whistle.wav,/Users/nfot413/dolphin_project/data/segments/087_whistle.wav,192000,125760,0.655,0.03933873400092125,0.6277962327003479,0.021861549466848373,0.04036259541984733,2858.2197618253176,6417.332502016121,2156.25,1031.25,468.75,1687.5,1218.75
088_whistle.wav,/Users/nfot413/dolphin_project/data/segments/088_whistle.wav,192000,140928,0.734,0.07042758911848068,0.9952086210250854,0.041233960539102554,0.08475249772933696,19651.998969999513,16808.68772778782,42281.25,468.75,0.0,24750.0,24750.0
089_whistle.wav,/Users/nfot413/dolphin_project/data/segments/089_whistle.wav,192000,117312,0.611,0.21109408140182495,0.9960325956344604,0.14615388214588165,0.11680816966721222,12180.224871988208,7962.649178498654,21093.75,10687.5,3937.5,21562.5,17625.0
090_whistle.wav,/Users/nfot413/dolphin_project/data/segments/090_whistle.wav,192000,84864,0.442,0.41590172052383423,0.999908447265625,0.2695692181587219,0.13195230015082957,13842.65970127512,11643.235878234682,24187.5,93.75,0.0,25500.0,25500.0
091_whistle.wav,/Users/nfot413/dolphin_project/data/segments/091_whistle.wav,192000,27446,0.14294791666666667,0.06822572648525238,0.38380077481269836,0.046934064477682114,0.058915688989288055,2607.8641196910035,6531.983756205837,4312.5,843.75,281.25,1031.25,750.0
092_whistle.wav,/Users/nfot413/dolphin_project/data/segments/092_whistle.wav,192000,31168,0.16233333333333333,0.04432211443781853,0.1818903237581253,0.03477279096841812,0.053901437371663245,1749.062403573883,5784.806628681636,1312.5,937.5,93.75,1406.25,1312.5
093_whistle.wav,/Users/nfot413/dolphin_project/data/segments/093_whistle.wav,192000,31792,0.16558333333333333,0.03958245739340782,0.16150395572185516,0.031023932620882988,0.05872546552591847,1879.1341019801455,6307.377707260832,1500.0,468.75,93.75,7781.25,7687.5
094_whistle.wav,/Users/nfot413/dolphin_project/data/segments/094_whistle.wav,192000,17472,0.091,0.039383143186569214,0.1508835107088089,0.03172590211033821,0.05454441391941392,2239.829007588955,6442.000636567796,1875.0,1406.25,93.75,7781.25,7687.5
095_whistle.wav,/Users/nfot413/dolphin_project/data/segments/095_whistle.wav,192000,33662,0.17532291666666666,0.09369373321533203,0.9942319989204407,0.045199573040008545,0.07316855801794309,19291.017178989612,16680.540212042477,36375.0,1031.25,93.75,41343.75,41250.0
096_whistle.wav,/Users/nfot413/dolphin_project/data/segments/096_whistle.wav,192000,93504,0.487,0.16483941674232483,0.9970701932907104,0.1002877801656723,0.06277806297056811,4629.84535536414,8837.236599145142,8625.0,656.25,562.5,843.75,281.25
097_whistle.wav,/Users/nfot413/dolphin_project/data/segments/097_whistle.wav,192000,22272,0.116,0.09162621945142746,0.9172643423080444,0.06027083098888397,0.06294899425287356,8567.200693130813,10342.772459936323,15843.75,937.5,187.5,9562.5,9375.0
098_whistle.wav,/Users/nfot413/dolphin_project/data/segments/098_whistle.wav,192000,29298,0.15259375,0.04878046736121178,0.5928220748901367,0.03846046328544617,0.05194893849409516,2443.2502958512673,7165.542547884499,1875.0,1031.25,187.5,1218.75,1031.25
099_whistle.wav,/Users/nfot413/dolphin_project/data/segments/099_whistle.wav,192000,14976,0.078,0.04916069656610489,0.16953031718730927,0.03934484347701073,0.04420405982905983,1629.73757703803,5476.863761544295,1125.0,1031.25,93.75,1218.75,1125.0
100_whistle.wav,/Users/nfot413/dolphin_project/data/segments/100_whistle.wav,192000,26304,0.137,0.04775860905647278,0.1819513589143753,0.03797595575451851,0.04896593673965937,1821.4101619937187,5462.664880101276,1781.25,750.0,93.75,1781.25,1687.5
101_whistle.wav,/Users/nfot413/dolphin_project/data/segments/101_whistle.wav,192000,43008,0.224,0.18544350564479828,0.9971618056297302,0.09768572449684143,0.16071428571428573,26981.342470647145,16461.655118450806,43500.0,23156.25,187.5,46500.0,46312.5
102_whistle.wav,/Users/nfot413/dolphin_project/data/segments/102_whistle.wav,192000,127104,0.662,0.09240684658288956,0.999969482421875,0.04585922881960869,0.07961197129909366,26649.339678774257,21194.222083393543,45187.5,843.75,0.0,43968.75,43968.75
103_whistle.wav,/Users/nfot413/dolphin_project/data/segments/103_whistle.wav,192000,76224,0.397,0.2681341767311096,0.9987487196922302,0.17141605913639069,0.12830604534005038,20294.76822970723,17153.010422532003,41437.5,8062.5,750.0,17531.25,16781.25
104_whistle.wav,/Users/nfot413/dolphin_project/data/segments/104_whistle.wav,192000,76032,0.396,0.37017402052879333,1.0,0.2592018246650696,0.14023042929292928,19746.953014087852,15905.26027564199,31875.0,8625.0,187.5,25500.0,25312.5
105_whistle.wav,/Users/nfot413/dolphin_project/data/segments/105_whistle.wav,192000,74880,0.39,0.1297297179698944,1.0,0.05988425388932228,0.08616452991452991,13661.697244297786,16086.390397843621,24656.25,937.5,281.25,24187.5,23906.25
106_whistle.wav,/Users/nfot413/dolphin_project/data/segments/106_whistle.wav,192000,46080,0.24,0.2351638674736023,0.9957884550094604,0.1766006499528885,0.0359375,2708.6274915848962,5742.494814019865,1406.25,1406.25,1312.5,1406.25,93.75
107_whistle.wav,/Users/nfot413/dolphin_project/data/segments/107_whistle.wav,192000,90432,0.471,0.12254727631807327,1.0,0.04969356581568718,0.09903573956121726,29058.457090194934,18859.032688545874,46875.0,750.0,0.0,50437.5,50437.5
108_whistle.wav,/Users/nfot413/dolphin_project/data/segments/108_whistle.wav,192000,29184,0.152,0.11438094079494476,0.9981994032859802,0.04396853968501091,0.09772478070175439,33120.61526673789,19028.283015322933,49687.5,937.5,0.0,54375.0,54375.0
109_whistle.wav,/Users/nfot413/dolphin_project/data/segments/109_whistle.wav,192000,79168,0.41233333333333333,0.48590973019599915,0.9971312880516052,0.3760982155799866,0.09406578415521423,9153.907981917306,8950.291749758804,16968.75,7875.0,468.75,9375.0,8906.25
110_whistle.wav,/Users/nfot413/dolphin_project/data/segments/110_whistle.wav,192000,68570,0.35713541666666665,0.3607311248779297,0.9981383681297302,0.2524159550666809,0.16533469447280152,23023.851748033176,16946.22429836505,42937.5,8250.0,3375.0,43968.75,40593.75
111_whistle.wav,/Users/nfot413/dolphin_project/data/segments/111_whistle.wav,192000,44951,0.23411979166666666,0.26700952649116516,1.0,0.18895897269248962,0.10676069497897711,13104.227031179142,10972.115981254397,22687.5,9000.0,6468.75,10218.75,3750.0
112_whistle.wav,/Users/nfot413/dolphin_project/data/segments/112_whistle.wav,192000,81024,0.422,0.04140561446547508,0.44785913825035095,0.03154739737510681,0.07281793048973144,6129.735095743367,13051.976701206055,9843.75,1031.25,93.75,2062.5,1968.75
113_whistle.wav,/Users/nfot413/dolphin_project/data/segments/113_whistle.wav,192000,354048,1.844,0.04782409220933914,0.9939573407173157,0.03739018365740776,0.05401245028922632,2367.123335902314,6839.626783687102,3468.75,937.5,93.75,3843.75,3750.0
114_whistle.wav,/Users/nfot413/dolphin_project/data/segments/114_whistle.wav,192000,151478,0.7889479166666666,0.050519686192274094,0.2848597764968872,0.03925267234444618,0.053730574736925496,1846.3801510588955,5517.393708825346,1781.25,843.75,0.0,3656.25,3656.25
115_whistle.wav,/Users/nfot413/dolphin_project/data/segments/115_whistle.wav,192000,102855,0.535703125,0.05017966777086258,0.28095340728759766,0.038516487926244736,0.05341500170142433,1967.5248004900177,5496.577701082478,1781.25,1031.25,93.75,1968.75,1875.0
116_whistle.wav,/Users/nfot413/dolphin_project/data/segments/116_whistle.wav,192000,49344,0.257,0.04421714320778847,0.24832911789417267,0.034828171133995056,0.07332198443579767,3650.966717059697,8308.546359722995,4968.75,750.0,0.0,4968.75,4968.75
117_whistle.wav,/Users/nfot413/dolphin_project/data/segments/117_whistle.wav,192000,88518,0.46103125,0.5461972951889038,0.9988402724266052,0.4347434639930725,0.1455184256309451,17662.192262391087,16571.290471406664,34687.5,7500.0,6187.5,9187.5,3000.0
118_whistle.wav,/Users/nfot413/dolphin_project/data/segments/118_whistle.wav,192000,82284,0.4285625,0.5268135666847229,1.0,0.41768819093704224,0.12781342666861115,13576.951584015605,13273.839451466736,24281.25,9187.5,2812.5,24375.0,21562.5
119_whistle.wav,/Users/nfot413/dolphin_project/data/segments/119_whistle.wav,192000,79680,0.415,0.16092878580093384,0.9979247450828552,0.08004997670650482,0.09623493975903614,17717.907251787146,17111.522200031057,33937.5,937.5,281.25,24562.5,24281.25
120_whistle.wav,/Users/nfot413/dolphin_project/data/segments/120_whistle.wav,192000,24960,0.13,0.2850349247455597,0.9944761395454407,0.1925005465745926,0.09375,10155.924034761934,9490.293151990696,19593.75,6468.75,3468.75,8531.25,5062.5
121_whistle.wav,/Users/nfot413/dolphin_project/data/segments/121_whistle.wav,192000,105892,0.5515208333333333,0.4218600392341614,1.0,0.29835519194602966,0.1588410833679598,24066.756755959286,18424.41734431805,43968.75,6656.25,6093.75,11062.5,4968.75
122_whistle.wav,/Users/nfot413/dolphin_project/data/segments/122_whistle.wav,192000,178282,0.9285520833333333,0.41509342193603516,1.0,0.29252153635025024,0.15495675390673203,24518.392780935465,18103.852328523128,43593.75,6562.5,6093.75,45656.25,39562.5
123_whistle.wav,/Users/nfot413/dolphin_project/data/segments/123_whistle.wav,192000,56640,0.295,0.4522247612476349,0.9993896484375,0.31408560276031494,0.21283545197740114,26667.89902197473,17708.28202643957,42937.5,6656.25,375.0,34312.5,33937.5
124_whistle.wav,/Users/nfot413/dolphin_project/data/segments/124_whistle.wav,192000,80448,0.419,0.35278213024139404,1.0,0.21966657042503357,0.1839200477326969,27201.640675507628,16811.230319375056,39093.75,33093.75,281.25,45468.75,45187.5
125_whistle.wav,/Users/nfot413/dolphin_project/data/segments/125_whistle.wav,192000,28032,0.146,0.17290447652339935,0.9954222440719604,0.10142726451158524,0.1872859589041096,19929.34703528705,14497.862636991595,35625.0,3937.5,93.75,46406.25,46312.5
126_whistle.wav,/Users/nfot413/dolphin_project/data/segments/126_whistle.wav,192000,122304,0.637,0.39748457074165344,0.999908447265625,0.2894631624221802,0.18946232339089483,23070.922583706193,17928.055496845638,42468.75,6750.0,93.75,34125.0,34031.25
127_whistle.wav,/Users/nfot413/dolphin_project/data/segments/127_whistle.wav,192000,99665,0.5190885416666666,0.2490328550338745,1.0,0.12020710110664368,0.13624642552551047,21475.81087896482,16086.805722174819,32062.5,23531.25,0.0,25031.25,25031.25
128_whistle.wav,/Users/nfot413/dolphin_project/data/segments/128_whistle.wav,192000,119808,0.624,0.1922311782836914,0.99908447265625,0.09074182063341141,0.14246127136752137,26480.022755358976,16924.319174808745,42468.75,3843.75,281.25,45375.0,45093.75
129_whistle.wav,/Users/nfot413/dolphin_project/data/segments/129_whistle.wav,192000,52992,0.276,0.1135336309671402,0.9943235516548157,0.055459026247262955,0.08357865338164251,17698.353058533023,11271.337491667622,26062.5,656.25,93.75,33093.75,33000.0
130_whistle.wav,/Users/nfot413/dolphin_project/data/segments/130_whistle.wav,192000,66048,0.344,0.1492234766483307,0.9973754286766052,0.06520679593086243,0.09140322189922481,26010.461894997217,18147.235546617987,38437.5,7031.25,93.75,35062.5,34968.75
131_whistle.wav,/Users/nfot413/dolphin_project/data/segments/131_whistle.wav,192000,34752,0.181,0.06622413545846939,0.9942930340766907,0.03780970349907875,0.07213973296500921,12959.399725902402,12698.99704064679,27375.0,6562.5,0.0,24375.0,24375.0
132_whistle.wav,/Users/nfot413/dolphin_project/data/segments/132_whistle.wav,192000,67200,0.35,0.24246740341186523,0.9957884550094604,0.1544204205274582,0.09339285714285714,11414.180674974947,10326.092877684674,21281.25,6843.75,4218.75,9093.75,4875.0
133_whistle.wav,/Users/nfot413/dolphin_project/data/segments/133_whistle.wav,192000,82560,0.43,0.09049732238054276,1.0,0.039754610508680344,0.07049418604651163,18264.351113130902,17473.095503713266,30375.0,937.5,0.0,24937.5,24937.5
134_whistle.wav,/Users/nfot413/dolphin_project/data/segments/134_whistle.wav,192000,148992,0.776,0.057545579969882965,0.9963072538375854,0.0293402262032032,0.07278243127147767,16295.939548292894,18235.68454245371,42937.5,937.5,0.0,8343.75,8343.75
135_whistle.wav,/Users/nfot413/dolphin_project/data/segments/135_whistle.wav,192000,158208,0.824,0.183155819773674,0.9964293241500854,0.06974149495363235,0.0683909789644013,8125.133633366806,14647.5646343449,22781.25,93.75,0.0,281.25,281.25
136_whistle.wav,/Users/nfot413/dolphin_project/data/segments/136_whistle.wav,192000,284725,1.4829427083333333,0.15962013602256775,0.9987487196922302,0.06958450376987457,0.08755817016419352,20755.99899799733,18176.636698577884,42562.5,750.0,93.75,25125.0,25031.25
137_whistle.wav,/Users/nfot413/dolphin_project/data/segments/137_whistle.wav,192000,86208,0.449,0.29447847604751587,0.9942930340766907,0.20763424038887024,0.0869756867112101,7536.602106005447,2223.8359585476273,7500.0,7500.0,7218.75,7593.75,375.0
138_whistle.wav,/Users/nfot413/dolphin_project/data/segments/138_whistle.wav,192000,132288,0.689,0.09035961329936981,1.0,0.049650657922029495,0.08779329946782777,22272.88986905068,19574.363013091763,44906.25,375.0,93.75,34312.5,34218.75
139_whistle.wav,/Users/nfot413/dolphin_project/data/segments/139_whistle.wav,192000,235200,1.225,0.13653133809566498,0.9951170086860657,0.06157154217362404,0.08740646258503401,12063.450464669926,14562.241328657203,24187.5,3562.5,656.25,4406.25,3750.0
140_whistle.wav,/Users/nfot413/dolphin_project/data/segments/140_whistle.wav,192000,52032,0.271,0.1621229648590088,1.0,0.06798455864191055,0.09073262607626076,30143.702536078858,17828.201879013697,40500.0,32437.5,93.75,37500.0,37406.25
141_whistle.wav,/Users/nfot413/dolphin_project/data/segments/141_whistle.wav,192000,29184,0.152,0.1014619767665863,0.9942014813423157,0.045289214700460434,0.07528097587719298,17861.880489329502,18434.85208284812,38531.25,3937.5,187.5,22781.25,22593.75
142_whistle.wav,/Users/nfot413/dolphin_project/data/segments/142_whistle.wav,192000,46848,0.244,0.16541343927383423,0.9971007704734802,0.08057060837745667,0.14312243852459017,21250.63183640096,14866.720322349413,38531.25,10125.0,93.75,46968.75,46875.0
143_whistle.wav,/Users/nfot413/dolphin_project/data/segments/143_whistle.wav,192000,231552,1.206,0.2192084938287735,0.9996337890625,0.12592490017414093,0.08174405749032615,15556.170817223876,16194.917154119506,33093.75,3750.0,3562.5,3937.5,375.0
144_whistle.wav,/Users/nfot413/dolphin_project/data/segments/144_whistle.wav,192000,63744,0.332,0.21177901327610016,0.9958189725875854,0.1259462982416153,0.146476531124498,18097.986765825786,13885.524382806847,33562.5,6750.0,375.0,23531.25,23156.25
145_whistle.wav,/Users/nfot413/dolphin_project/data/segments/145_whistle.wav,192000,108672,0.566,0.10689198970794678,0.9959410429000854,0.04568364471197128,0.08500809776207302,23914.114556665776,17075.860970763802,34218.75,562.5,0.0,34125.0,34125.0
146_whistle.wav,/Users/nfot413/dolphin_project/data/segments/146_whistle.wav,192000,60288,0.314,0.10980147868394852,0.9960936307907104,0.053071461617946625,0.06624867303609341,25877.25377254161,21112.381590490528,45375.0,937.5,93.75,34031.25,33937.5
147_whistle.wav,/Users/nfot413/dolphin_project/data/segments/147_whistle.wav,192000,46080,0.24,0.12327331304550171,1.0,0.050269439816474915,0.08658854166666667,25424.523524767865,19041.378971453418,41437.5,3562.5,0.0,45093.75,45093.75
148_whistle.wav,/Users/nfot413/dolphin_project/data/segments/148_whistle.wav,192000,68352,0.356,0.11147194355726242,0.999969482421875,0.04770359769463539,0.08135826310861423,23086.774385949728,16274.229966277058,34125.0,22875.0,93.75,34687.5,34593.75
149_multiple_whistle.wav,/Users/nfot413/dolphin_project/data/segments/149_multiple_whistle.wav,192000,342594,1.78434375,0.08755037188529968,0.999969482421875,0.04416405409574509,0.08121858526419026,17888.742818110717,15269.399710151087,32812.5,937.5,0.0,34781.25,34781.25
150_whistle.wav,/Users/nfot413/dolphin_project/data/segments/150_whistle.wav,192000,106176,0.553,0.042127080261707306,0.3425702750682831,0.03177635744214058,0.06525015069318867,2098.237710775798,7041.5465019767535,1781.25,93.75,0.0,2062.5,2062.5
151_whistle.wav,/Users/nfot413/dolphin_project/data/segments/151_whistle.wav,192000,35520,0.185,0.03465115278959274,0.39991456270217896,0.02738611400127411,0.0682713963963964,3192.2719008662107,8584.734154984006,3843.75,468.75,93.75,1593.75,1500.0
152_whistle.wav,/Users/nfot413/dolphin_project/data/segments/152_whistle.wav,192000,215465,1.1222135416666668,0.03807510435581207,0.5973387956619263,0.029130704700946808,0.06696679275056273,3907.100219168359,9981.551590868467,3843.75,375.0,0.0,1781.25,1781.25
153_whistle.wav,/Users/nfot413/dolphin_project/data/segments/153_whistle.wav,192000,40320,0.21,0.12647297978401184,0.9957884550094604,0.06625795364379883,0.07502480158730158,12596.17119837636,11486.892948709361,24281.25,6656.25,93.75,7687.5,7593.75
154_whistle.wav,/Users/nfot413/dolphin_project/data/segments/154_whistle.wav,192000,127488,0.664,0.056503329426050186,0.9936216473579407,0.042601872235536575,0.06297847640562249,3504.4314507746085,7583.257236412681,10500.0,937.5,93.75,10968.75,10875.0
155_whistle.wav,/Users/nfot413/dolphin_project/data/segments/155_whistle.wav,192000,77376,0.403,0.06311368197202682,0.9955137968063354,0.036113593727350235,0.0672301488833747,12475.8558410255,16505.608727880975,23906.25,656.25,0.0,24468.75,24468.75
156_whistle.wav,/Users/nfot413/dolphin_project/data/segments/156_whistle.wav,192000,27456,0.143,0.06883113086223602,0.9967344999313354,0.040115222334861755,0.12186771561771562,21370.65966079162,16475.210336225777,32343.75,750.0,0.0,32625.0,32625.0
157_whistle.wav,/Users/nfot413/dolphin_project/data/segments/157_whistle.wav,192000,109632,0.571,0.1913316547870636,1.0,0.08766210079193115,0.11891600992410975,21499.75108208694,17022.37803137963,38343.75,6562.5,93.75,44062.5,43968.75
158_whistle.wav,/Users/nfot413/dolphin_project/data/segments/158_whistle.wav,192000,82560,0.43,0.2057018131017685,0.9948423504829407,0.08607771247625351,0.06736918604651163,12892.19824582237,17996.404662771074,27937.5,93.75,0.0,375.0,375.0
159_whistle.wav,/Users/nfot413/dolphin_project/data/segments/159_whistle.wav,192000,61056,0.318,0.10563600808382034,0.9958189725875854,0.04613947495818138,0.08153170859538784,22019.340002513407,16983.682235501474,35625.0,750.0,0.0,37875.0,37875.0
160_whistle.wav,/Users/nfot413/dolphin_project/data/segments/160_whistle.wav,192000,271680,1.415,0.055623386055231094,0.9953612089157104,0.035215020179748535,0.056956713780918725,5619.550504095768,8410.586731945346,8343.75,937.5,0.0,7687.5,7687.5
161_whistle.wav,/Users/nfot413/dolphin_project/data/segments/161_whistle.wav,192000,339072,1.766,0.09327571839094162,0.9971618056297302,0.04650929197669029,0.07210268025670064,13639.902853944237,13786.98256461294,31687.5,6468.75,93.75,23812.5,23718.75
162_whistle.wav,/Users/nfot413/dolphin_project/data/segments/162_whistle.wav,192000,61440,0.32,0.1725185066461563,1.0,0.07178530842065811,0.08942057291666666,28151.729628137353,18324.29376846127,36375.0,3562.5,93.75,35437.5,35343.75
163_whistle.wav,/Users/nfot413/dolphin_project/data/segments/163_whistle.wav,192000,128064,0.667,0.2123386263847351,0.999969482421875,0.11579592525959015,0.12492972263868066,18691.66678008252,14477.885265867915,32812.5,6656.25,187.5,33843.75,33656.25
164_whistle.wav,/Users/nfot413/dolphin_project/data/segments/164_whistle.wav,192000,65280,0.34,0.1761191040277481,0.9983825087547302,0.07788155227899551,0.13129595588235293,30125.110524788754,17679.476625346368,47812.5,23718.75,93.75,52687.5,52593.75
165_whistle.wav,/Users/nfot413/dolphin_project/data/segments/165_whistle.wav,192000,118080,0.615,0.11320914328098297,0.9963072538375854,0.05096684768795967,0.09190379403794038,21949.33811776111,16709.57503948059,33937.5,3750.0,0.0,35531.25,35531.25
166_whistle.wav,/Users/nfot413/dolphin_project/data/segments/166_whistle.wav,192000,244032,1.271,0.2806442379951477,1.0,0.15186166763305664,0.1745058025177026,25631.09741582878,17971.29483860718,39750.0,2812.5,0.0,39000.0,39000.0
167_whistle.wav,/Users/nfot413/dolphin_project/data/segments/167_whistle.wav,192000,79827,0.415765625,0.039665643125772476,0.1981261670589447,0.031107913702726364,0.0598669623059867,1825.891738776886,6431.428430047826,1500.0,843.75,0.0,1500.0,1500.0
168_whistle.wav,/Users/nfot413/dolphin_project/data/segments/168_whistle.wav,192000,119245,0.6210677083333334,0.04839914292097092,0.32978302240371704,0.03796554356813431,0.05249696004025326,2204.591414645427,6125.937028642414,3468.75,750.0,93.75,1218.75,1125.0
169_whistle.wav,/Users/nfot413/dolphin_project/data/segments/169_whistle.wav,192000,87027,0.453265625,0.043044980615377426,0.22565385699272156,0.034556563943624496,0.04884690957978558,1698.2316006929557,5806.648121343364,1500.0,750.0,93.75,1593.75,1500.0
170_whistle.wav,/Users/nfot413/dolphin_project/data/segments/170_whistle.wav,192000,55680,0.29,0.04483148828148842,0.2529679238796234,0.03444591909646988,0.05255028735632184,1600.537595160624,5565.724694315586,1406.25,1031.25,93.75,1781.25,1687.5
171_whistle.wav,/Users/nfot413/dolphin_project/data/segments/171_whistle.wav,192000,99072,0.516,0.04203401878476143,0.2148197889328003,0.032881349325180054,0.055535368217054265,1786.7967403723885,6006.085067860306,1593.75,1031.25,0.0,1687.5,1687.5
172_whistle.wav,/Users/nfot413/dolphin_project/data/segments/172_whistle.wav,192000,70848,0.369,0.05156765878200531,0.30439162254333496,0.03931072726845741,0.04811709575429088,1620.9429192272162,5083.263788710557,1781.25,1031.25,0.0,2062.5,2062.5
173_whistle.wav,/Users/nfot413/dolphin_project/data/segments/173_whistle.wav,192000,53376,0.278,0.037883903831243515,0.1518906205892563,0.029807686805725098,0.06137589928057554,1949.5617288226244,6930.6527371965185,1406.25,937.5,0.0,1406.25,1406.25
174_whistle.wav,/Users/nfot413/dolphin_project/data/segments/174_whistle.wav,192000,29376,0.153,0.036167342215776443,0.125980406999588,0.02908182702958584,0.05817674291938998,1876.9143750959286,6839.932727857313,1312.5,843.75,93.75,1312.5,1218.75
175_whistle.wav,/Users/nfot413/dolphin_project/data/segments/175_whistle.wav,192000,152640,0.795,0.03959193080663681,0.3041779696941376,0.03064795210957527,0.060462526205450735,1886.6969241021093,6787.777411675876,1593.75,375.0,93.75,1781.25,1687.5
176_whistle.wav,/Users/nfot413/dolphin_project/data/segments/176_whistle.wav,192000,175872,0.916,0.04399902746081352,0.9935606122016907,0.03453347459435463,0.050718704512372634,2065.5643372452305,7150.408727748733,1406.25,843.75,0.0,1593.75,1593.75
177_whistle.wav,/Users/nfot413/dolphin_project/data/segments/177_whistle.wav,192000,198528,1.034,0.04159869626164436,0.24860377609729767,0.03280743584036827,0.05472275950999355,1544.6875537510916,6271.123198780338,1031.25,656.25,0.0,1593.75,1593.75
178_whistle.wav,/Users/nfot413/dolphin_project/data/segments/178_whistle.wav,192000,185280,0.965,0.049053698778152466,0.5528733134269714,0.038115665316581726,0.04833765112262522,1552.6123791355983,5503.5933853958795,1218.75,656.25,0.0,1781.25,1781.25
179_whistle.wav,/Users/nfot413/dolphin_project/data/segments/179_whistle.wav,192000,24960,0.13,0.03758539259433746,0.13806574046611786,0.030221905559301376,0.057291666666666664,1859.0382082112083,6845.202690182134,1218.75,843.75,0.0,1125.0,1125.0
180_whistle.wav,/Users/nfot413/dolphin_project/data/segments/180_whistle.wav,192000,91008,0.474,0.038266804069280624,0.40964993834495544,0.030260944738984108,0.05743451125175809,2324.7635149339444,7250.6093210127765,1781.25,843.75,0.0,1500.0,1500.0
181_whistle.wav,/Users/nfot413/dolphin_project/data/segments/181_whistle.wav,192000,167808,0.874,0.03326898813247681,0.1598864644765854,0.02652336284518242,0.06907894736842106,2365.725886171303,7806.71700974224,1593.75,750.0,0.0,1593.75,1593.75
182_whistle.wav,/Users/nfot413/dolphin_project/data/segments/182_whistle.wav,192000,157088,0.8181666666666667,0.04290094971656799,0.3582567870616913,0.03253863751888275,0.05798024037482176,1652.1433763028451,6333.80515997437,1218.75,93.75,0.0,1125.0,1125.0
183_whistle.wav,/Users/nfot413/dolphin_project/data/segments/183_whistle.wav,192000,24264,0.126375,0.040098972618579865,0.13217566907405853,0.03227179870009422,0.05168150346191889,1630.83760025651,5974.887971454295,1125.0,937.5,0.0,1125.0,1125.0
184_whistle.wav,/Users/nfot413/dolphin_project/data/segments/184_whistle.wav,192000,33024,0.172,0.0404118150472641,0.22669148445129395,0.03143232315778732,0.062257751937984496,2012.8806443049575,6890.211891589344,1312.5,1031.25,0.0,1593.75,1593.75
185_whistle.wav,/Users/nfot413/dolphin_project/data/segments/185_whistle.wav,192000,40128,0.209,0.06315146386623383,0.3489181101322174,0.04557352513074875,0.046251993620414676,1535.7516815007991,3837.926896951873,1781.25,937.5,187.5,2062.5,1875.0
186_whistle.wav,/Users/nfot413/dolphin_project/data/segments/186_whistle.wav,192000,133440,0.695,0.05440758913755417,0.9941099286079407,0.031632862985134125,0.07320893285371703,10156.174317085804,13216.265521633795,22687.5,375.0,0.0,8437.5,8437.5
187_whistle.wav,/Users/nfot413/dolphin_project/data/segments/187_whistle.wav,192000,86208,0.449,0.1589183658361435,0.9967039823532104,0.09307492524385452,0.08326373422420193,11971.391880640373,10323.230386970405,22406.25,7031.25,6468.75,12000.0,5531.25
188_whistle.wav,/Users/nfot413/dolphin_project/data/segments/188_whistle.wav,192000,69504,0.362,0.09624097496271133,0.9948728680610657,0.05398337543010712,0.08215354511970534,14591.63895698015,13515.65441850822,33843.75,6843.75,93.75,12187.5,12093.75
189_whistle.wav,/Users/nfot413/dolphin_project/data/segments/189_whistle.wav,192000,80256,0.418,0.03963932394981384,0.2544328272342682,0.03057151846587658,0.05785237240829346,1942.0826207397565,6451.857210711085,1781.25,937.5,0.0,2062.5,2062.5
190_whistle.wav,/Users/nfot413/dolphin_project/data/segments/190_whistle.wav,192000,89664,0.467,0.10543982684612274,0.9970091581344604,0.048765335232019424,0.0926570306923626,24352.159589332798,18529.754948982616,43406.25,3656.25,93.75,45000.0,44906.25
191_whistle.wav,/Users/nfot413/dolphin_project/data/segments/191_whistle.wav,192000,370944,1.932,0.03696204349398613,0.2462538480758667,0.029243169352412224,0.063346488957902,2000.8906133837984,7340.01261410906,1500.0,375.0,0.0,1500.0,1500.0
192_multiple_whistle.wav,/Users/nfot413/dolphin_project/data/segments/192_multiple_whistle.wav,192000,693312,3.611,0.07679400593042374,0.999542236328125,0.038496702909469604,0.0798428413181944,22356.293377313785,19490.793758778174,39093.75,375.0,0.0,34125.0,34125.0
193_whistle.wav,/Users/nfot413/dolphin_project/data/segments/193_whistle.wav,192000,174730,0.9100520833333333,0.09152214229106903,0.9978331923484802,0.04116002470254898,0.07914496651977336,26623.42535914014,19683.690116266316,38906.25,750.0,0.0,37031.25,37031.25
194_whistle.wav,/Users/nfot413/dolphin_project/data/segments/194_whistle.wav,192000,49536,0.258,0.05920616537332535,0.8118839263916016,0.04447852820158005,0.061349321705426355,6091.387896217971,11712.08331818132,17812.5,937.5,93.75,1593.75,1500.0
195_whistle.wav,/Users/nfot413/dolphin_project/data/segments/195_whistle.wav,192000,229632,1.196,0.09085990488529205,0.9975585341453552,0.04619087278842926,0.05380783166109253,15998.385752476426,17327.159195877113,24750.0,3562.5,93.75,24750.0,24656.25
196_whistle.wav,/Users/nfot413/dolphin_project/data/segments/196_whistle.wav,192000,34368,0.179,0.04937838390469551,0.32065796852111816,0.039202336221933365,0.04518738361266294,1628.7991286377287,5410.9817559050925,1218.75,937.5,93.75,1500.0,1406.25
197_whistle.wav,/Users/nfot413/dolphin_project/data/segments/197_whistle.wav,192000,184320,0.96,0.052066005766391754,0.31208229064941406,0.04060608893632889,0.053271484375,1846.819941947269,6286.437524091378,1218.75,375.0,0.0,1218.75,1218.75
198_whistle.wav,/Users/nfot413/dolphin_project/data/segments/198_whistle.wav,192000,49536,0.258,0.061293330043554306,0.9912106394767761,0.0424041710793972,0.0927608204134367,17797.096235114434,20770.75397895631,43218.75,843.75,93.75,1312.5,1218.75
199_whistle.wav,/Users/nfot413/dolphin_project/data/segments/199_whistle.wav,192000,153600,0.8,0.0606839619576931,0.395580917596817,0.04741780087351799,0.03791666666666667,1188.0719694619047,4149.571713204634,1125.0,750.0,0.0,1500.0,1500.0
200_whistle.wav,/Users/nfot413/dolphin_project/data/segments/200_whistle.wav,192000,132288,0.689,0.06092018261551857,0.28055664896965027,0.048601385205984116,0.03634494436381229,1231.1414789916375,4068.3088346209283,1125.0,750.0,93.75,1593.75,1500.0
201_whistle.wav,/Users/nfot413/dolphin_project/data/segments/201_whistle.wav,192000,100416,0.523,0.04852553457021713,0.3008209466934204,0.037556592375040054,0.04752230720203952,1410.5999341381262,5102.804318520942,1593.75,375.0,0.0,1875.0,1875.0
202_whistle.wav,/Users/nfot413/dolphin_project/data/segments/202_whistle.wav,192000,115776,0.603,0.04674897715449333,0.9944456219673157,0.036726269870996475,0.047116846323935875,2073.773495077019,7603.149559820943,1218.75,375.0,0.0,1218.75,1218.75
203_whistle.wav,/Users/nfot413/dolphin_project/data/segments/203_whistle.wav,192000,224256,1.168,0.0550217404961586,0.3266701400279999,0.04350586608052254,0.050232769691780824,1746.0039980555696,5495.561478683297,1781.25,375.0,0.0,1218.75,1218.75
204_whistle.wav,/Users/nfot413/dolphin_project/data/segments/204_whistle.wav,192000,81600,0.425,0.052675630897283554,0.5459151268005371,0.04128429293632507,0.05127450980392157,1808.7834122555334,6134.3600687554845,1125.0,562.5,0.0,1218.75,1218.75
205_whistle.wav,/Users/nfot413/dolphin_project/data/segments/205_whistle.wav,192000,283056,1.47425,0.05274854972958565,0.4282967746257782,0.04163242504000664,0.04830846192979481,1519.3262232160448,5300.360314804992,1125.0,375.0,0.0,1500.0,1500.0
206_whistle.wav,/Users/nfot413/dolphin_project/data/segments/206_whistle.wav,192000,141464,0.7367916666666666,0.04886171966791153,0.47141942381858826,0.03751892223954201,0.05422581010009614,1694.5508674954456,5869.715566207063,1406.25,468.75,0.0,1500.0,1500.0
207_whistle.wav,/Users/nfot413/dolphin_project/data/segments/207_whistle.wav,192000,59136,0.308,0.15962210297584534,0.9949949383735657,0.07965213060379028,0.07066761363636363,18512.568718184066,15612.305317240542,34031.25,7500.0,93.75,33843.75,33750.0
208_whistle.wav,/Users/nfot413/dolphin_project/data/segments/208_whistle.wav,192000,168768,0.879,0.23477472364902496,0.99969482421875,0.14771457016468048,0.0555437049677664,17334.687582376915,17650.316451774568,33937.5,468.75,93.75,34781.25,34687.5
209_whistle.wav,/Users/nfot413/dolphin_project/data/segments/209_whistle.wav,192000,36480,0.19,0.11735882610082626,0.42405468225479126,0.09319216758012772,0.0237390350877193,875.1794477389014,2335.17201616567,1125.0,281.25,93.75,1125.0,1031.25
210_whistle.wav,/Users/nfot413/dolphin_project/data/segments/210_whistle.wav,192000,136896,0.713,0.11131476610898972,0.4700155556201935,0.08799386024475098,0.023404628330995794,928.7150185306695,2413.646855169741,1218.75,375.0,93.75,1500.0,1406.25
211_whistle.wav,/Users/nfot413/dolphin_project/data/segments/211_whistle.wav,192000,438336,2.283,0.11209001392126083,0.8792382478713989,0.08902228623628616,0.023488830486202365,910.9736081789603,2486.64274899015,1031.25,375.0,93.75,1125.0,1031.25
212_whistle.wav,/Users/nfot413/dolphin_project/data/segments/212_whistle.wav,192000,149952,0.781,0.10981213301420212,0.44074830412864685,0.08778324723243713,0.02785558045241144,1127.395256688494,2809.3890616587846,1218.75,468.75,93.75,1500.0,1406.25
213_whistle.wav,/Users/nfot413/dolphin_project/data/segments/213_whistle.wav,192000,77952,0.406,0.12547381222248077,0.5601672530174255,0.09971202909946442,0.02097444581280788,901.5236419016229,2168.4893542362265,1125.0,375.0,187.5,1218.75,1031.25
214_whistle.wav,/Users/nfot413/dolphin_project/data/segments/214_whistle.wav,192000,135744,0.707,0.12315105646848679,0.556382954120636,0.09814804047346115,0.020597595473833098,878.6622781772561,2328.2988175959576,1125.0,375.0,93.75,1218.75,1125.0
215_whistle.wav,/Users/nfot413/dolphin_project/data/segments/215_whistle.wav,192000,140544,0.732,0.11078984290361404,0.4862819314002991,0.08801636099815369,0.026205316484517304,1053.2727865039078,3747.5394391284863,1125.0,375.0,93.75,1218.75,1125.0
216_whistle.wav,/Users/nfot413/dolphin_project/data/segments/216_whistle.wav,192000,140544,0.732,0.12439707666635513,0.9951781034469604,0.09888586401939392,0.02767816484517304,1772.9638248018314,6709.81985984813,1125.0,375.0,93.75,1125.0,1031.25
217_whistle.wav,/Users/nfot413/dolphin_project/data/segments/217_whistle.wav,192000,66048,0.344,0.05969054996967316,0.23426008224487305,0.047934528440237045,0.039274467054263566,1295.746323006623,4739.265613991428,1125.0,468.75,0.0,1218.75,1218.75
218_whistle.wav,/Users/nfot413/dolphin_project/data/segments/218_whistle.wav,192000,42240,0.22,0.0662168562412262,0.23364971578121185,0.05261890962719917,0.037807765151515155,1212.6152961440982,4128.821689758739,1125.0,281.25,0.0,1218.75,1218.75
219_whistle.wav,/Users/nfot413/dolphin_project/data/segments/219_whistle.wav,192000,41856,0.218,0.06130428984761238,0.2525101602077484,0.04804365709424019,0.050888761467889905,1528.9531083562813,5462.708899538839,1125.0,281.25,0.0,1125.0,1125.0
220_whistle.wav,/Users/nfot413/dolphin_project/data/segments/220_whistle.wav,192000,52032,0.271,0.07268837839365005,0.29877620935440063,0.05733475089073181,0.03296048585485855,1144.483793612049,3628.0472402097894,1312.5,468.75,0.0,1687.5,1687.5
221_whistle.wav,/Users/nfot413/dolphin_project/data/segments/221_whistle.wav,192000,88512,0.461,0.0689537450671196,0.7724539637565613,0.053190071135759354,0.04068374909616775,1898.1924803660518,5794.14400140842,1500.0,375.0,0.0,1781.25,1781.25
222_whistle.wav,/Users/nfot413/dolphin_project/data/segments/222_whistle.wav,192000,97920,0.51,0.06206850707530975,0.33808404207229614,0.04914108291268349,0.0434640522875817,1514.5080253502588,4995.261770475893,1218.75,281.25,0.0,1125.0,1125.0
223_whistle.wav,/Users/nfot413/dolphin_project/data/segments/223_whistle.wav,192000,110016,0.573,0.06441377848386765,0.5188452005386353,0.05088556557893753,0.037667248400232695,1448.9559747879248,4848.927558293109,1125.0,281.25,0.0,1312.5,1312.5
224_whistle.wav,/Users/nfot413/dolphin_project/data/segments/224_whistle.wav,192000,160704,0.837,0.07059390842914581,0.9949033856391907,0.052582453936338425,0.05197132616487455,8929.369350056106,16536.344098023277,34875.0,281.25,0.0,1218.75,1218.75
225_whistle.wav,/Users/nfot413/dolphin_project/data/segments/225_whistle.wav,192000,137280,0.715,0.0847526490688324,0.9971312880516052,0.059177033603191376,0.06334498834498835,15251.374600267549,19957.340410049823,42093.75,281.25,0.0,3656.25,3656.25
226_whistle.wav,/Users/nfot413/dolphin_project/data/segments/226_whistle.wav,192000,94464,0.492,0.06449658423662186,0.334910124540329,0.05130331590771675,0.037072323848238484,1252.8074639973722,4496.86853924042,1125.0,281.25,0.0,1125.0,1125.0
227_whistle.wav,/Users/nfot413/dolphin_project/data/segments/227_whistle.wav,192000,66240,0.345,0.07441790401935577,0.9940183758735657,0.05498424544930458,0.05493659420289855,6788.4385621876545,13281.511267920798,12750.0,375.0,0.0,1125.0,1125.0
228_whistle.wav,/Users/nfot413/dolphin_project/data/segments/228_whistle.wav,192000,100416,0.523,0.06999199837446213,0.9728080034255981,0.054904866963624954,0.03833054493307839,2245.837999443409,6509.309001892821,2156.25,281.25,0.0,1500.0,1500.0
229_whistle.wav,/Users/nfot413/dolphin_project/data/segments/229_whistle.wav,192000,125184,0.652,0.06261514872312546,0.24365977942943573,0.049592867493629456,0.037896216768916156,1187.4627145138209,4312.734249993387,1125.0,375.0,0.0,1218.75,1218.75
230_whistle.wav,/Users/nfot413/dolphin_project/data/segments/230_whistle.wav,192000,82560,0.43,0.06107495352625847,0.2847377061843872,0.048828184604644775,0.047868217054263563,1813.777771467392,5767.847949802658,1218.75,468.75,0.0,1312.5,1312.5
231_whistle.wav,/Users/nfot413/dolphin_project/data/segments/231_whistle.wav,192000,86208,0.449,0.11728208512067795,0.9964293241500854,0.06414084881544113,0.058208054936896805,24390.404709657,21207.403323262144,44156.25,375.0,0.0,33937.5,33937.5
232_whistle.wav,/Users/nfot413/dolphin_project/data/segments/232_whistle.wav,192000,54336,0.283,0.0666358545422554,0.26630452275276184,0.05334310978651047,0.04056242638398115,1428.127514126985,4770.183978738193,1312.5,375.0,0.0,1593.75,1593.75
233_whistle.wav,/Users/nfot413/dolphin_project/data/segments/233_whistle.wav,192000,149815,0.7802864583333333,0.0676104873418808,0.9893490672111511,0.0495486818253994,0.06146914527917765,6532.886780468759,11746.459107290175,20812.5,375.0,0.0,3468.75,3468.75
234_whistle.wav,/Users/nfot413/dolphin_project/data/segments/234_whistle.wav,192000,94520,0.4922916666666667,0.059037018567323685,0.6854457259178162,0.04661025106906891,0.041451544646635634,1566.5596206198068,5156.404262061596,1125.0,375.0,0.0,1218.75,1218.75
235_whistle.wav,/Users/nfot413/dolphin_project/data/segments/235_whistle.wav,192000,92160,0.48,0.06604060530662537,0.29013946652412415,0.05267796665430069,0.03566623263888889,1274.6483035737317,3903.125955863658,1218.75,375.0,0.0,1218.75,1218.75
236_whistle.wav,/Users/nfot413/dolphin_project/data/segments/236_whistle.wav,192000,89856,0.468,0.07613569498062134,0.4051637351512909,0.06036414951086044,0.03615785256410257,1399.2136777950088,4057.790300442406,1500.0,375.0,0.0,1593.75,1593.75
237_whistle.wav,/Users/nfot413/dolphin_project/data/segments/237_whistle.wav,192000,168709,0.8786927083333333,0.0667194128036499,0.41648608446121216,0.053077582269907,0.04046612806667101,1688.5903819984658,5199.604872756603,1593.75,375.0,0.0,1218.75,1218.75
238_whistle.wav,/Users/nfot413/dolphin_project/data/segments/238_whistle.wav,192000,68544,0.357,0.09076067805290222,0.9945982098579407,0.06380466371774673,0.06060340802987862,13024.311293096618,18932.653146913457,41250.0,937.5,0.0,3656.25,3656.25
239_whistle.wav,/Users/nfot413/dolphin_project/data/segments/239_whistle.wav,192000,95616,0.498,0.11088841408491135,0.9967039823532104,0.06833989918231964,0.07106551204819277,18016.95024536381,18041.174680993336,36093.75,375.0,0.0,3843.75,3843.75
240_whistle.wav,/Users/nfot413/dolphin_project/data/segments/240_whistle.wav,192000,127488,0.664,0.09959498792886734,0.9985961318016052,0.064535953104496,0.04200395331325301,12838.73642136219,16512.70218896596,32343.75,375.0,0.0,3843.75,3843.75
241_whistle.wav,/Users/nfot413/dolphin_project/data/segments/241_whistle.wav,192000,248064,1.292,0.10319501161575317,0.999237060546875,0.06284771859645844,0.06349571078431372,16918.781621951643,16983.984722340283,33375.0,375.0,0.0,24750.0,24750.0
242_whistle.wav,/Users/nfot413/dolphin_project/data/segments/242_whistle.wav,192000,160512,0.836,0.05971873179078102,0.3411358892917633,0.0473695769906044,0.04388456937799043,1416.0013821500806,4909.203710557305,1312.5,375.0,0.0,1218.75,1218.75
243_whistle.wav,/Users/nfot413/dolphin_project/data/segments/243_whistle.wav,192000,114624,0.597,0.14143569767475128,1.0,0.07526781409978867,0.056305834729201566,26554.3306457518,21330.293989322527,47531.25,375.0,0.0,35062.5,35062.5
244_whistle.wav,/Users/nfot413/dolphin_project/data/segments/244_whistle.wav,192000,187968,0.979,0.08360014110803604,0.9954832792282104,0.05920349434018135,0.04724740381341505,8575.515364921499,13899.758321590376,24656.25,375.0,0.0,4125.0,4125.0
245_whistle.wav,/Users/nfot413/dolphin_project/data/segments/245_whistle.wav,192000,75648,0.394,0.08951383829116821,0.9973143935203552,0.05313184857368469,0.05623413705583756,17322.07521044649,19003.7526169838,40312.5,468.75,0.0,23250.0,23250.0
246_whistle.wav,/Users/nfot413/dolphin_project/data/segments/246_whistle.wav,192000,94464,0.492,0.09093495458364487,0.9955748319625854,0.05323512852191925,0.06392911585365854,21390.098238695395,20438.393930248265,34781.25,187.5,0.0,34593.75,34593.75
247_whistle.wav,/Users/nfot413/dolphin_project/data/segments/247_whistle.wav,192000,107520,0.56,0.1859283298254013,0.999847412109375,0.09523338824510574,0.11858258928571429,22192.092637845326,15557.85973791265,34968.75,23718.75,0.0,34687.5,34687.5
248_whistle.wav,/Users/nfot413/dolphin_project/data/segments/248_whistle.wav,192000,413376,2.153,0.09971770644187927,0.9984130263328552,0.05963892117142677,0.06301043118129741,20542.056431039087,19666.35134787294,42281.25,562.5,0.0,1500.0,1500.0
249_whistle.wav,/Users/nfot413/dolphin_project/data/segments/249_whistle.wav,192000,91968,0.479,0.2563062608242035,0.9959105253219604,0.18502072989940643,0.08897660055671539,9208.290802327052,4626.971957594513,10312.5,8531.25,281.25,20062.5,19781.25
250_whistle.wav,/Users/nfot413/dolphin_project/data/segments/250_whistle.wav,192000,137088,0.714,0.10807608813047409,0.9962462186813354,0.06606430560350418,0.04638626283846872,17015.85209406832,20086.560195056358,36375.0,375.0,0.0,33468.75,33468.75
251_whistle.wav,/Users/nfot413/dolphin_project/data/segments/251_whistle.wav,192000,72192,0.376,0.1218465268611908,0.9965819120407104,0.0681668296456337,0.07416334219858156,24065.245122504202,20104.43341957726,43125.0,468.75,0.0,43968.75,43968.75
252_whistle.wav,/Users/nfot413/dolphin_project/data/segments/252_whistle.wav,192000,237888,1.239,0.10133114457130432,0.9963988065719604,0.06345389038324356,0.06589655636265805,15735.863084149061,16964.96020413929,33937.5,375.0,0.0,24187.5,24187.5
253_whistle.wav,/Users/nfot413/dolphin_project/data/segments/253_whistle.wav,192000,96960,0.505,0.12980692088603973,0.9960020780563354,0.08674784749746323,0.07623762376237624,18726.037279136483,20002.909886853726,43125.0,8906.25,0.0,33656.25,33656.25
254_whistle.wav,/Users/nfot413/dolphin_project/data/segments/254_whistle.wav,192000,114432,0.596,0.06444952636957169,0.2459486722946167,0.051592517644166946,0.03550580257270693,1187.4412625477653,4009.891504650191,1312.5,375.0,0.0,1500.0,1500.0
255_whistle.wav,/Users/nfot413/dolphin_project/data/segments/255_whistle.wav,192000,67392,0.351,0.06409279257059097,0.2626422941684723,0.05126218870282173,0.03237773029439696,1085.7341965800624,3951.6467853836325,1218.75,375.0,0.0,1593.75,1593.75
256_whistle.wav,/Users/nfot413/dolphin_project/data/segments/256_whistle.wav,192000,48384,0.252,0.0653855949640274,0.25067904591560364,0.05244855955243111,0.034722222222222224,1144.1658518362117,3867.2352754550234,1218.75,281.25,0.0,1593.75,1593.75
257_whistle.wav,/Users/nfot413/dolphin_project/data/segments/257_whistle.wav,192000,83904,0.437,0.06201353296637535,0.412945955991745,0.049689698964357376,0.037340293668955,1426.5568245192778,5077.655639908012,1312.5,562.5,0.0,1593.75,1593.75
258_whistle.wav,/Users/nfot413/dolphin_project/data/segments/258_whistle.wav,192000,115776,0.603,0.056335851550102234,0.4522843062877655,0.04464121535420418,0.04333367882808181,1570.090794755495,5124.20391138292,1500.0,1031.25,0.0,1781.25,1781.25
259_whistle.wav,/Users/nfot413/dolphin_project/data/segments/259_whistle.wav,192000,472512,2.461,0.05840974301099777,0.5518051981925964,0.04567316174507141,0.04988868007584993,2241.032406588383,7235.292515429032,1593.75,937.5,0.0,1781.25,1781.25
260_whistle.wav,/Users/nfot413/dolphin_project/data/segments/260_whistle.wav,192000,217344,1.132,0.05640554428100586,0.3244727849960327,0.04478490352630615,0.048996061542991756,1791.7314918525806,5665.42403738628,1500.0,1031.25,0.0,1593.75,1593.75
261_whistle.wav,/Users/nfot413/dolphin_project/data/segments/261_whistle.wav,192000,31488,0.164,0.0599251426756382,0.21985533833503723,0.0481010302901268,0.03563262195121951,1211.1631958898329,4126.550596857998,1312.5,843.75,0.0,1687.5,1687.5
262_whistle.wav,/Users/nfot413/dolphin_project/data/segments/262_whistle.wav,192000,49152,0.256,0.062421008944511414,0.24304941296577454,0.050190847367048264,0.033854166666666664,1147.2809038861785,4010.6609665456267,1125.0,468.75,93.75,1500.0,1406.25
263_whistle.wav,/Users/nfot413/dolphin_project/data/segments/263_whistle.wav,192000,59136,0.308,0.05870845168828964,0.25074008107185364,0.04613467678427696,0.04185267857142857,1351.1921944514709,4318.123979065129,1500.0,375.0,0.0,1968.75,1968.75
264_whistle.wav,/Users/nfot413/dolphin_project/data/segments/264_whistle.wav,192000,57984,0.302,0.051951196044683456,0.20191046595573425,0.04143679514527321,0.0438914183222958,1270.737050416422,4748.0535641762835,1312.5,375.0,0.0,1500.0,1500.0
265_whistle.wav,/Users/nfot413/dolphin_project/data/segments/265_whistle.wav,192000,283392,1.476,0.060227878391742706,0.3561815321445465,0.04730745777487755,0.03975059281842819,1274.1487337760645,4145.460463829565,1406.25,375.0,0.0,1687.5,1687.5
266_whistle.wav,/Users/nfot413/dolphin_project/data/segments/266_whistle.wav,192000,81408,0.424,0.057270828634500504,0.21112704277038574,0.045864980667829514,0.036200373427672954,1118.441448806808,4254.579723745041,1125.0,375.0,93.75,1312.5,1218.75
267_whistle.wav,/Users/nfot413/dolphin_project/data/segments/267_whistle.wav,192000,224448,1.169,0.058724403381347656,0.3166295289993286,0.04643261805176735,0.039768676931850586,1259.7445372028662,4373.711983418552,1312.5,375.0,0.0,1593.75,1593.75
268_whistle.wav,/Users/nfot413/dolphin_project/data/segments/268_whistle.wav,192000,67200,0.35,0.05648725852370262,0.24384288489818573,0.045003581792116165,0.039330357142857146,1239.6561104775326,4402.855833862337,1218.75,562.5,0.0,1500.0,1500.0
269_whistle.wav,/Users/nfot413/dolphin_project/data/segments/269_whistle.wav,192000,42240,0.22,0.054263096302747726,0.25690481066703796,0.04362770542502403,0.03884943181818182,1338.430649997135,4930.39257051545,1125.0,468.75,0.0,1500.0,1500.0
270_whistle.wav,/Users/nfot413/dolphin_project/data/segments/270_whistle.wav,192000,53184,0.277,0.058432698249816895,0.20422986149787903,0.04655484855175018,0.036984807460890494,1198.2891688322418,4187.9186497478995,1218.75,375.0,0.0,1593.75,1593.75
271_whistle.wav,/Users/nfot413/dolphin_project/data/segments/271_whistle.wav,192000,41280,0.215,0.06874166429042816,0.41578418016433716,0.05177785083651543,0.0375484496124031,1295.1712451852434,3582.7879500931526,1687.5,937.5,93.75,1781.25,1687.5
272_whistle.wav,/Users/nfot413/dolphin_project/data/segments/272_whistle.wav,192000,52416,0.273,0.052490897476673126,0.23960082232952118,0.04198486730456352,0.04036935286935287,1414.986659739122,5166.1753529331645,1218.75,375.0,0.0,1406.25,1406.25
273_whistle.wav,/Users/nfot413/dolphin_project/data/segments/273_whistle.wav,192000,60288,0.314,0.051720842719078064,0.21155430376529694,0.04072721302509308,0.041815950106157115,1247.0722419435606,4702.777124117785,1218.75,468.75,0.0,1500.0,1500.0
274_whistle.wav,/Users/nfot413/dolphin_project/data/segments/274_whistle.wav,192000,31872,0.166,0.05702444911003113,0.1991332769393921,0.045461300760507584,0.04009789156626506,1251.2846455775436,4503.309476265233,1218.75,281.25,0.0,1781.25,1781.25
275_whistle.wav,/Users/nfot413/dolphin_project/data/segments/275_whistle.wav,192000,17088,0.089,0.06532298773527145,0.29920345544815063,0.050774671137332916,0.03780430711610487,1385.367640280109,3926.656859506555,1687.5,1687.5,93.75,1875.0,1781.25
276_multiple_whistle.wav,/Users/nfot413/dolphin_project/data/segments/276_multiple_whistle.wav,192000,216192,1.126,0.05321640148758888,0.24320200085639954,0.04221486300230026,0.04699526346950859,1814.3459074247826,5137.444941519536,1593.75,375.0,0.0,10500.0,10500.0
277_whistle.wav,/Users/nfot413/dolphin_project/data/segments/277_whistle.wav,192000,60096,0.313,0.05963820219039917,0.38486891984939575,0.045773863792419434,0.04371339190628328,1381.3076151593464,4374.658710260197,1406.25,937.5,0.0,1687.5,1687.5
278_whistle.wav,/Users/nfot413/dolphin_project/data/segments/278_whistle.wav,192000,291648,1.519,0.05771581828594208,0.32813501358032227,0.045290738344192505,0.04968317972350231,2054.704723484411,5035.541347227383,3750.0,375.0,0.0,4312.5,4312.5
279_whistle.wav,/Users/nfot413/dolphin_project/data/segments/279_whistle.wav,192000,144192,0.751,0.05810685455799103,0.3421124815940857,0.045663248747587204,0.05106385929871283,2040.5046141616351,4986.814347501147,1968.75,375.0,0.0,1781.25,1781.25
280_whistle.wav,/Users/nfot413/dolphin_project/data/segments/280_whistle.wav,192000,30720,0.16,0.06251554936170578,0.5317239761352539,0.049634259194135666,0.05185546875,3015.0274311251333,5901.676449212143,9750.0,375.0,93.75,10781.25,10687.5
281_whistle.wav,/Users/nfot413/dolphin_project/data/segments/281_whistle.wav,192000,180864,0.942,0.053647689521312714,0.29078036546707153,0.04265154153108597,0.04733943736730361,1674.232348392631,5440.69610280474,1500.0,375.0,0.0,1593.75,1593.75
282_whistle.wav,/Users/nfot413/dolphin_project/data/segments/282_whistle.wav,192000,21120,0.11,0.0515962690114975,0.2057252675294876,0.04119753837585449,0.04535984848484848,1660.289610123215,5095.192682384056,1500.0,468.75,93.75,1593.75,1500.0
283_whistle.wav,/Users/nfot413/dolphin_project/data/segments/283_whistle.wav,192000,83904,0.437,0.05842702090740204,0.36857202649116516,0.04529210552573204,0.04598112128146453,1648.522850803891,5369.690038307642,1500.0,281.25,0.0,1593.75,1593.75
284_whistle.wav,/Users/nfot413/dolphin_project/data/segments/284_whistle.wav,192000,56640,0.295,0.05472961813211441,0.5879085659980774,0.0439177006483078,0.03953036723163842,1542.251582362606,5735.748802298166,1125.0,375.0,0.0,1500.0,1500.0
285_multiple_whistle.wav,/Users/nfot413/dolphin_project/data/segments/285_multiple_whistle.wav,192000,283392,1.476,0.054114725440740585,0.4594561457633972,0.042940668761730194,0.04224184168925023,1440.350198872706,5014.687562789128,1500.0,375.0,0.0,1593.75,1593.75
286_whistle.wav,/Users/nfot413/dolphin_project/data/segments/286_whistle.wav,192000,91008,0.474,0.06576526165008545,0.9936521649360657,0.050508301705121994,0.04026019690576653,3137.052467145404,10019.580401346251,1687.5,375.0,0.0,1781.25,1781.25
287_whistle.wav,/Users/nfot413/dolphin_project/data/segments/287_whistle.wav,192000,207936,1.083,0.060381606221199036,0.43391215801239014,0.04728500172495842,0.037944367497691596,1401.044133269621,4566.415899995474,1500.0,937.5,93.75,1781.25,1687.5
288_whistle.wav,/Users/nfot413/dolphin_project/data/segments/288_whistle.wav,192000,30720,0.16,0.05926624312996864,0.2524491250514984,0.04658196493983269,0.03740234375,1341.5133004496192,4278.852834107791,1593.75,843.75,0.0,2062.5,2062.5
289_whistle.wav,/Users/nfot413/dolphin_project/data/segments/289_whistle.wav,192000,11712,0.061,0.06539580971002579,0.22730186581611633,0.05202307924628258,0.03603142076502732,1095.6168071507338,3794.2477795736368,1031.25,375.0,0.0,1500.0,1500.0
290_whistle.wav,/Users/nfot413/dolphin_project/data/segments/290_whistle.wav,192000,107328,0.559,0.04974481463432312,0.32203131914138794,0.04000227898359299,0.04720110316040549,1730.899640213693,5273.197877352055,1500.0,281.25,0.0,1593.75,1593.75
291_whistle.wav,/Users/nfot413/dolphin_project/data/segments/291_whistle.wav,192000,76800,0.4,0.05453703552484512,0.22006897628307343,0.04350512474775314,0.04053385416666667,1363.8206798123308,4536.753823275377,1406.25,937.5,0.0,1593.75,1593.75
292_whistle.wav,/Users/nfot413/dolphin_project/data/segments/292_whistle.wav,192000,107612,0.5604791666666666,0.054483432322740555,0.22553178668022156,0.04343007504940033,0.042718284206222354,1429.7265336475489,4576.369565376914,1312.5,375.0,0.0,3656.25,3656.25
293_multiple_whistle.wav,/Users/nfot413/dolphin_project/data/segments/293_multiple_whistle.wav,192000,80256,0.418,0.0566585510969162,0.3563646376132965,0.04440023750066757,0.043510765550239236,1596.0138882690123,4506.372741970931,2250.0,468.75,0.0,3750.0,3750.0
294_whistle.wav,/Users/nfot413/dolphin_project/data/segments/294_whistle.wav,192000,69120,0.36,0.045854710042476654,0.19647815823554993,0.035812996327877045,0.053877314814814815,1502.5223889033093,5486.472376235275,1218.75,750.0,0.0,1500.0,1500.0
295_whistle.wav,/Users/nfot413/dolphin_project/data/segments/295_whistle.wav,192000,80256,0.418,0.04693317413330078,0.19241920113563538,0.03720756992697716,0.052045952950558215,1843.5636774667457,6257.97152740262,1406.25,281.25,0.0,1500.0,1500.0
296_whistle.wav,/Users/nfot413/dolphin_project/data/segments/296_whistle.wav,192000,87360,0.455,0.04568656161427498,0.19727164506912231,0.036175187677145004,0.04846611721611722,1555.382664100911,5597.054459232898,1218.75,1031.25,0.0,1593.75,1593.75
297_whistle.wav,/Users/nfot413/dolphin_project/data/segments/297_whistle.wav,192000,33024,0.172,0.04678214713931084,0.22409741580486298,0.037214525043964386,0.058200096899224806,2578.2866988106002,6138.108287076534,4781.25,937.5,0.0,9187.5,9187.5
298_whistle.wav,/Users/nfot413/dolphin_project/data/segments/298_whistle.wav,192000,28224,0.147,0.06813875585794449,0.9937132000923157,0.050679679960012436,0.06434240362811791,6832.967551232291,10779.9598682372,10125.0,468.75,93.75,10500.0,10406.25
299_whistle.wav,/Users/nfot413/dolphin_project/data/segments/299_whistle.wav,192000,125376,0.653,0.06596504151821136,0.3726004958152771,0.05126746743917465,0.03506253190403267,1121.7536289740149,3805.8672479656207,1312.5,468.75,0.0,1593.75,1593.75
300_whistle.wav,/Users/nfot413/dolphin_project/data/segments/300_whistle.wav,192000,125184,0.652,0.05748026818037033,0.2788476347923279,0.04545269161462784,0.03835154652351738,1278.1380727704004,4380.342357835189,1406.25,468.75,0.0,1781.25,1781.25
301_whistle.wav,/Users/nfot413/dolphin_project/data/segments/301_whistle.wav,192000,21696,0.113,0.04477068409323692,0.1597338765859604,0.035662416368722916,0.05065449852507375,1473.7046425537187,5600.915839524072,1125.0,375.0,93.75,1125.0,1031.25
302_whistle.wav,/Users/nfot413/dolphin_project/data/segments/302_whistle.wav,192000,129408,0.674,0.04423694685101509,0.35352641344070435,0.035188835114240646,0.04747001730959446,1458.9677451896596,5672.750738849148,1125.0,375.0,0.0,1125.0,1125.0
303_whistle.wav,/Users/nfot413/dolphin_project/data/segments/303_whistle.wav,192000,16704,0.087,0.0427163690328598,0.14438307285308838,0.03430618718266487,0.04442049808429119,1469.25713919521,5703.587666443834,1125.0,375.0,0.0,1593.75,1593.75
